Portal,ID Externo,URL,Operacion,Tipo Inmueble,Titulo,Descripcion,Precio,Moneda,Mantenimiento,Calle y Numero,Colonia,Delegacion/Municipio,Ciudad,Estado,Pais,Codigo Postal,Recamaras,Banos,Medios Banos,Estacionamientos,Terreno m2,Construccion m2,Niveles,Antiguedad,Anos Construccion,Num Fotos,Video URL,Tour 360 URL,Amenidades,Servicios,Extras,Exteriores,Ambientes Extra,Balcon,Elevador,Bodega,Estado Conservacion,Codigo Interno,Primera Vista
Inmuebles24,144542466,https://www.inmuebles24.com/propiedades/clasificado/vecledin-edificio-en-venta-zona-del-valle-144542466.html?n_src=Listado&n_pills=Escuelas+cercanas&n_pg=1&n_pos=21,venta,edificio,Edificio en Venta Zona del Valle,,79000000.0,MXN,,Miguel Laurent 804,Letrán Valle,Benito Juárez,,Ciudad De Mexico,México,,,,9,15,336.0,3332.0,,45,45,7,,,null,null,"[""escuela_cercana""]",null,null,,Si,,,5,2026-03-30T07:13:45
Inmuebles24,148963426,https://www.inmuebles24.com/propiedades/clasificado/veclcain-residencia-con-jardin-en-jardines-del-pedregal-148963426.html?n_src=Listado&n_pills=Jard%C3%ADn+privado&n_pg=1&n_pos=19,venta,casa,Residencia con Jardin en Jardines del Pedregal,,56000000.0,MXN,,Picacho al 200,Jardines del Pedregal,Alvaro Obregón,Ciudad de México,Ciudad De Mexico,Mexico,,,4,4,12,925.0,800.0,,5,5,7,,,null,null,null,"[""terraza"", ""jardin_privado""]","[""cocina_integral""]",,,,excelente,52,2026-03-30T07:13:45
Inmuebles24,148486285,https://www.inmuebles24.com/propiedades/clasificado/veclcain-casa-en-venta-en-bosques-de-las-lomas.-bosque-de-148486285.html?n_src=Listado&n_pills=Alberca&n_pg=1&n_pos=2,venta,casa,Casa en Venta en Bosques de Las Lomas. Bosque de Sauces. Alberca y Jardín,,39500000.0,MXN,,Bosque de Sauces 499,Bosque de las Lomas,Miguel Hidalgo,Ciudad de México,Ciudad De Mexico,Mexico,,4,4,2,8,950.0,1000.0,2,35,35,7,,,"[""alberca""]",null,"[""closet"", ""chimenea"", ""escuela_cercana""]","[""terraza""]","[""cocina_integral""]",,,,excelente,24,2026-03-30T07:13:45
Inmuebles24,147288900,https://www.inmuebles24.com/propiedades/clasificado/veclapin-departamento-en-venta-a-3-cuadras-de-antara-polanco.-147288900.html?n_src=Listado&n_pills=Gimnasio&n_pg=1&n_pos=26,venta,departamento,Departamento en Venta a 3 Cuadras de Antara Polanco.,,28500000.0,MXN,5000.0,Cicerón 212,Polanco,Miguel Hidalgo,Ciudad de México,Ciudad De Mexico,Mexico,,3,3,1,3,271.0,271.0,,8,8,5,,,"[""gimnasio""]",null,null,null,null,,,,,,2026-03-30T07:13:45
Inmuebles24,148393659,https://www.inmuebles24.com/propiedades/clasificado/veclapin-ph-en-venta-con-amplia-terraza-148393659.html?n_src=Listado&n_pills=Seguridad+privada&n_pg=1&n_pos=17,venta,departamento,PH en Venta con Amplia Terraza,,22000000.0,MXN,,IBSEN,Polanco,Miguel Hidalgo,Ciudad de México,Ciudad De Mexico,Mexico,,3,3,1,3,354.0,354.0,,35,35,7,,,null,"[""seguridad_privada""]",null,"[""terraza""]","[""cocina_integral""]",,Si,,,5945,2026-03-30T07:13:45
Inmuebles24,144206731,https://www.inmuebles24.com/propiedades/clasificado/veclcain-casa-en-venta-en-tepexpan-barrio-del-nino-jesus-144206731.html?n_src=Listado&n_pills=Terraza&n_pg=1&n_pos=30,venta,casa,Casa en Venta en Tepexpan Barrio del Niño Jesús,,22000000.0,MXN,,TEPEXPAN,Barrio del Niño Jesús,Coyoacán,Ciudad de México,Ciudad De Mexico,Mexico,,4,4,1,3,560.0,420.0,,42,42,7,,,null,null,null,"[""terraza""]","[""cocina_integral""]",,,,,52,2026-03-30T07:13:45
Inmuebles24,149036309,https://www.inmuebles24.com/propiedades/clasificado/veclccin-casa-en-privada-lomas-de-chapultepec-149036309.html?n_src=Listado&n_pg=1&n_pos=29,venta,casa,Casa en Privada Lomas de Chapultepec,,21250000.0,MXN,,Av Reforma,Lomas de Chapultepec,Miguel Hidalgo,,Ciudad De Mexico,México,,3,4,1,4,600.0,,,30,30,7,,,null,null,null,null,null,,,,,6901551,2026-03-30T07:13:45
Inmuebles24,149303305,https://www.inmuebles24.com/propiedades/clasificado/vecltein-terreno-en-venta-en-san-jeronimo-lidice-149303305.html?n_src=Listado&n_pg=1&n_pos=8,venta,terreno,Terreno en Venta en San Jerónimo Lidice,,17700000.0,MXN,,SANTIAGO,San Jerónimo Lídice,La Magdalena Contreras,,Ciudad De Mexico,México,,,,,,1674.0,,,,,7,,,null,null,null,null,null,,,,,7393,2026-03-30T07:13:45
Inmuebles24,149095248,https://www.inmuebles24.com/propiedades/clasificado/veclcain-hermosa-casa-que-combina-elegancia-y-confort-en-villa-149095248.html?n_src=Listado&n_pills=Terraza&n_pg=1&n_pos=15,venta,casa,Hermosa Casa Que Combina Elegancia y Confort en Villa Verdun,,17000000.0,MXN,1584.0,Aviñón,Villa Verdún,Alvaro Obregón,Ciudad de México,Ciudad De Mexico,Mexico,,4,4,2,2,317.0,326.0,,19,19,9,,,null,null,"[""closet""]","[""terraza""]",null,,,,,6421,2026-03-30T07:13:45
Inmuebles24,79682405,https://www.inmuebles24.com/propiedades/clasificado/vecltein-terreno-en-venta-en-san-jeronimo-el-toro-79682405.html?n_src=Listado&n_pg=1&n_pos=24,venta,terreno,Terreno en Venta en San Jeronimo El Toro,,17000000.0,MXN,,NUBE 60,Barrio San Francisco,La Magdalena Contreras,,Ciudad De Mexico,México,,,,,,1276.0,,,,,5,,,null,null,null,null,null,,,,,,2026-03-30T07:13:45
Inmuebles24,146481558,https://www.inmuebles24.com/propiedades/clasificado/veclapin-departamento-en-venta-en-origina-pedregal-146481558.html?n_src=Listado&n_pills=Seguridad+privada&n_pg=1&n_pos=27,venta,departamento,Departamento en Venta en Origina Pedregal,,15500000.0,MXN,,PERIFERICO SUR,19 de Mayo,Alvaro Obregón,Ciudad de México,Ciudad De Mexico,Mexico,,1,1,1,2,89.0,89.0,,,,5,,,null,"[""seguridad_privada""]",null,null,null,,,,,,2026-03-30T07:13:45
Inmuebles24,147508537,https://www.inmuebles24.com/propiedades/clasificado/veclapin-be-grand-lomas-departamento-de-gran-formato-con-147508537.html?n_src=Listado&n_pills=%C3%81rea+de+juegos+infantiles&n_pg=1&n_pos=18,venta,departamento,Be Grand Lomas – Departamento de Gran Formato con Terraza y Vista Panorámica,,12900000.0,MXN,6500.0,Be Grand Lomas,Santa Fe,Alvaro Obregón,Ciudad de México,Ciudad De Mexico,Mexico,,3,4,,3,247.0,247.0,,10,10,9,,,"[""alberca"", ""jacuzzi"", ""area_juegos""]",null,"[""amueblado"", ""escuela_cercana"", ""duplex"", ""closet""]","[""terraza""]","[""cocina_integral""]",,Si,,excelente,52,2026-03-30T07:13:45
Inmuebles24,144334419,https://www.inmuebles24.com/propiedades/clasificado/veclcain-venta-casa-en-prado-coapa-144334419.html?n_src=Listado&n_pills=%C3%81rea+de+lavado&n_pg=1&n_pos=6,venta,casa,Venta Casa en Prado Coapa,,11990000.0,MXN,,Jilotepec,Prado Coapa,Tlalpan,Ciudad de México,Ciudad De Mexico,Mexico,,3,2,1,2,200.0,370.0,2,44,44,8,,,"[""area_lavado""]",null,"[""escuela_cercana""]",null,"[""cocina_integral""]",,,,bueno,52,2026-03-30T07:13:45
Inmuebles24,148815427,https://www.inmuebles24.com/propiedades/clasificado/veclcain-casa-en-venta-col.-tetelpan.-alvaro-obregon.-ciudad-148815427.html?n_src=Listado&n_pills=%C3%81rea+de+lavado&n_pg=1&n_pos=20,venta,casa,"Casa en Venta, Col. Tetelpan. Álvaro Obregón. Ciudad México",,11200000.0,MXN,3850.0,2a. Cerrada Zampapano 12,Tizampampano,Alvaro Obregón,Ciudad de México,Ciudad De Mexico,Mexico,,3,3,1,3,409.0,351.0,2,19,19,7,,,"[""area_lavado""]",null,"[""closet"", ""chimenea"", ""escuela_cercana""]","[""terraza""]","[""cocina_integral""]",,,,bueno,63,2026-03-30T07:13:45
Inmuebles24,146692807,https://www.inmuebles24.com/propiedades/desarrollo/ememvein-chiapas-13:-departamentos-en-preventa-col.-roma-norte-146692807.html?n_src=Listado&n_pg=1&n_pos=5,venta,departamento,"Chiapas 13: Departamentos en Preventa, Col. Roma Norte",,10500000.0,MXN,,"C. de Chiapas 13 Roma Nte., Cuauhtémoc, 06700 Ciudad de México, CDMX",Roma Norte,Cuauhtémoc,,Ciudad De Mexico,México,,3,,,,140.0,,,,,10,,,"[""gimnasio"", ""terraza""]","[""seguridad_privada""]",null,"[""terraza""]",null,,,,,24,2026-03-30T07:13:45
Inmuebles24,147640980,https://www.inmuebles24.com/propiedades/clasificado/veclapin-departamento-en-venta-en-polanco-147640980.html?n_src=Listado&n_pills=Seguridad+privada&n_pg=1&n_pos=12,venta,departamento,Departamento en Venta en Polanco,,8900000.0,MXN,4000.0,Homero 1629,Polanco,Miguel Hidalgo,Ciudad de México,Ciudad De Mexico,Mexico,,3,2,,1,150.0,150.0,,59,59,7,,,null,"[""seguridad_privada""]",null,null,"[""cocina_integral""]",,Si,,,4769,2026-03-30T07:13:45
Inmuebles24,148659431,https://www.inmuebles24.com/propiedades/desarrollo/ememvein-colima-410:-nuevo-lanzamiento-en-condesa-148659431.html?n_src=Listado&n_pg=1&n_pos=1,venta,,Colima 410: Nuevo Lanzamiento en Condesa,,8200000.0,MXN,,Colima 410,Condesa,Cuauhtémoc,,Ciudad De Mexico,México,,1,,,,75.0,,,,,5,,,"[""gimnasio"", ""terraza""]",null,null,"[""terraza""]",null,,,,,24,2026-03-30T07:13:45
Inmuebles24,148011564,https://www.inmuebles24.com/propiedades/clasificado/veclcain-casa-en-venta-en-reforma-iztaccihuatl-sur-148011564.html?n_src=Listado&n_pills=Terraza&n_pg=1&n_pos=13,venta,casa,Casa en Venta en Reforma Iztaccihuatl Sur,,6890000.0,MXN,,Playa Cortes 570,Reforma Iztaccihuatl Sur,Iztacalco,Ciudad de México,Ciudad De Mexico,Mexico,,4,2,1,2,138.0,196.0,,30,30,7,,,null,null,null,"[""terraza""]","[""cocina_integral""]",,,,excelente,24,2026-03-30T07:13:45
Inmuebles24,145015414,https://www.inmuebles24.com/propiedades/clasificado/veclapin-departamento-en-av-universidad-col.-del-valle-145015414.html?n_src=Listado&n_pills=Terraza&n_pg=1&n_pos=11,venta,departamento,"Departamento en Av Universidad, Col. del Valle",,6570000.0,MXN,,San Lorenzo S/N,Del Valle Sur,Benito Juárez,Ciudad de México,Ciudad De Mexico,Mexico,,2,2,,2,83.0,83.0,,,,7,,,null,null,null,"[""terraza""]","[""cocina_integral""]",,Si,,,5605,2026-03-30T07:13:45
Inmuebles24,148474916,https://www.inmuebles24.com/propiedades/clasificado/veclapin-departamento-en-venta-en-eje-8-sur-jose-maria-rico-148474916.html?n_src=Listado&n_pills=Alberca&n_pg=1&n_pos=28,venta,departamento,"Departamento en Venta en Eje 8 Sur José María Rico, Benito Juárez, Cdmx.",,5700000.0,MXN,4000.0,Dirección no informada,Del Valle Sur,Benito Juárez,Ciudad de México,Ciudad De Mexico,Mexico,,1,1,,1,64.0,64.0,,1,1,9,,,"[""alberca""]",null,null,null,null,,,,,602555,2026-03-30T07:13:45
Inmuebles24,149225254,https://www.inmuebles24.com/propiedades/clasificado/veclapin-departamento-en-venta-en-la-colonia-nonoalco-149225254.html?n_src=Listado&n_pills=Terraza&n_pg=1&n_pos=4,venta,departamento,Departamento en Venta en La Colonia Nonoalco,,5027997.0,MXN,,Murillo 44,Santa María Nonoalco,Benito Juárez,Ciudad de México,Ciudad De Mexico,Mexico,,2,2,,1,70.0,70.0,,,,7,,,null,null,null,"[""terraza""]","[""cocina_integral""]",,Si,,excelente,52,2026-03-30T07:13:45
Inmuebles24,143662600,https://www.inmuebles24.com/propiedades/clasificado/veclccin-venta-casa-en-zacapa-col.-barrio-18-alcaldia-143662600.html?n_src=Listado&n_pills=Seguridad+privada&n_pg=1&n_pos=23,venta,casa,"Venta Casa en Zacapa, Col. Barrio 18, Alcaldía Xochimilco, Cdmx",,4950000.0,MXN,,Barrio 18 Zacapa,Barrio 18,Xochimilco,,Ciudad De Mexico,México,,3,2,,2,197.0,200.0,,10,10,7,,,null,"[""seguridad_privada""]","[""escuela_cercana"", ""frente_parque""]",null,"[""cocina_integral""]",,,,excelente,608016,2026-03-30T07:13:45
Inmuebles24,147515798,https://www.inmuebles24.com/propiedades/clasificado/veclapin-departamento-nuevo-en-venta-en-ruben-dario-abilia-147515798.html?n_src=Listado&n_pills=Gimnasio&n_pg=1&n_pos=25,venta,departamento,Departamento Nuevo en Venta en Ruben Dario Abilia,,4400000.0,USD,,Departamento Nuevo en Venta en Ruben Dario Abilia,Polanco,Miguel Hidalgo,Ciudad de México,Ciudad De Mexico,Mexico,,3,3,1,4,390.0,390.0,,,,7,,,"[""gimnasio""]",null,null,null,null,,,,,1192,2026-03-30T07:13:45
Inmuebles24,145571714,https://www.inmuebles24.com/propiedades/desarrollo/ememvein-gabino-barreda-89:-ultimos-departamentos-en-preventa-145571714.html?n_src=Listado&n_pg=1&n_pos=3,venta,departamento,"Gabino Barreda 89: Últimos Departamentos en Preventa, Col. San Rafael",,4250000.0,MXN,,"GABINO BARREDA 89 San Rafael, Cuauhtémoc, 06470 Ciudad de México, CDMX",San Rafael,Cuauhtémoc,,Ciudad De Mexico,México,,1,,,,72.0,,,,,10,,,"[""gimnasio"", ""terraza""]",null,null,"[""terraza""]",null,,,,,24,2026-03-30T07:13:45
Inmuebles24,149339525,https://www.inmuebles24.com/propiedades/clasificado/veclapin-vive-la-exclusividad-frente-al-bosque-de-chapultepec-149339525.html?n_src=Listado&n_pills=Seguridad+privada&n_pg=1&n_pos=22,venta,departamento,Vive La Exclusividad Frente Al Bosque de Chapultepec,"Vive la exclusividad frente al Bosque de ChapultepecUbicada en una de las zonas más privilegiadas de la ciudad, esta propiedad ofrece una experiencia residencial verdaderamente excepcional, con maravillosas vistas panorámicas al Bosque y al icónico Castillo de Chapultepec.Con techos altos que amplifican la sensación de amplitud, y elegantes acabados de lujo, la residencia destaca por sus pisos de madera y baños de mármol, logrando un equilibrio perfecto entre calidez y sofisticación.La amplia área social integra sala, comedor y un generoso estudio —con potencial para convertirse en una tercera recámara— todo enmarcado por grandes ventanales que permiten disfrutar de una vista abierta y permanente.Recámaras en suite cuentan con vestidor, destacando la principal por su impresionante walk-in closet y con jacuzzi.La cocina totalmente equipada, junto con áreas de servicio independientes.Equipada con tecnología moderna, climatización integral, insonorización y altos estándares de seguridad.El edificio complementa la experiencia con amenidades como gimnasio, vigilancia permanente y estacionamiento, además de una ubicación privilegiada que permite disfrutar a pie de lo mejor de la zona: gastronomía, boutiques de lujo, galerías y espacios culturales.Más que un departamento, es una propiedad única que combina ubicación, exclusividad y estilo de vida en un solo lugar.Codigo interno: ERSMHC7081Leer descripción completa",2500000.0,USD,11500.0,Campos Elíseos,Polanco V Sección,Polanco,Miguel Hidalgo,Ciudad De Mexico,Ciudad de México,,2,2,1,4,370.0,370.0,,22,22,7,,,null,"[""seguridad_privada""]",null,null,"[""cocina_integral""]",,Si,,,52,2026-03-30T07:13:45
Inmuebles24,149036651,https://www.inmuebles24.com/propiedades/clasificado/veclcain-casa-en-lomas-de-bezares-149036651.html?n_src=Listado&n_pills=Jard%C3%ADn+privado&n_pg=1&n_pos=9,venta,casa,Casa en Lomas de Bezares,,1900000.0,USD,,Casa en Venta en Lomas de Bezares,Lomas de Bezares,Miguel Hidalgo,Ciudad de México,Ciudad De Mexico,Mexico,,4,4,1,3,1200.0,500.0,,,,7,,,null,null,null,"[""terraza"", ""jardin_privado""]",null,,,,,2168,2026-03-30T07:13:45
Inmuebles24,149396446,https://www.inmuebles24.com/propiedades/clasificado/veclapin-venta-departamento-remate-bancario-portales-sur-149396446.html?n_src=Listado&n_pg=1&n_pos=7,venta,departamento,"Venta Departamento Remate Bancario, Portales Sur, Benito Juarez",,1686227.0,MXN,,Calle Balboa 1005,Portales Sur,Benito Juárez,Ciudad de México,Ciudad De Mexico,Mexico,,2,2,,1,85.0,85.0,,20,20,8,,,null,null,null,null,null,,,,,149023,2026-03-30T07:13:45
Inmuebles24,149396468,https://www.inmuebles24.com/propiedades/clasificado/veclapin-departamento-en-venta-en-la-mejor-zona-de-la-del-valle-149396468.html?n_src=Listado&n_pills=Seguridad+privada&n_pg=1&n_pos=14,venta,departamento,Departamento en Venta en La Mejor Zona de La del Valle Oportunida a Precio de Remate,,1676000.0,MXN,1400.0,Amores 1636,Del Valle Sur,Benito Juárez,Ciudad de México,Ciudad De Mexico,Mexico,,3,2,1,2,110.0,110.0,,23,23,7,,,null,"[""seguridad_privada""]",null,null,"[""cocina_integral""]",,Si,,excelente,33,2026-03-30T07:13:45
Inmuebles24,149394597,https://www.inmuebles24.com/propiedades/clasificado/veclcain-super-oportunidad-remate-bancario-en-la-colonia-149394597.html?n_src=Listado&n_pg=1&n_pos=16,venta,casa,Super Oportunidad Remate Bancario en La Colonia Anzures,Local comercial en remate bancario cuentas con recursos propios o préstamo de banco directo ? Si es así es una super opción de inversión.En un lugar con gran plusvalía y área comercial.Gran opción para iniciar tu negocio contactarme,1500228.0,MXN,,Gutenberg 96,Anzures,Miguel Hidalgo,Ciudad de México,Ciudad De Mexico,Mexico,,1,1,,4,200.0,150.0,2,15,15,7,,,null,null,null,null,null,,,,excelente,148547,2026-03-30T07:13:45
Inmuebles24,149394050,https://www.inmuebles24.com/propiedades/clasificado/veclapin-departamento-remate-city-towers-polanco-ampliacion-149394050.html?n_src=Listado&n_pills=Terraza&n_pg=1&n_pos=10,venta,departamento,"Departamento, Remate, City Towers Polanco, Ampliacion Granada, Cdmx.",,1426545.0,MXN,1200.0,Lago Andromaco ,Ampliación Granada,Miguel Hidalgo,Ciudad de México,Ciudad De Mexico,Mexico,,3,2,1,2,130.0,130.0,,15,15,7,,,"[""alberca"", ""jacuzzi""]",null,"[""closet"", ""escuela_cercana"", ""frente_parque""]","[""terraza""]","[""cocina_integral""]",,Si,,excelente,146576,2026-03-30T07:13:45
Lamudi,019d4698-1bc9-7a21-8bb0-1df20560519b,https://www.lamudi.com.mx/detalle/41032-73-1df2056051e4-1c12-19d46e1-8bf9-7a6a,renta,local_comercial,Tienda / Local Comercial en Renta en Industrial Vallejo,"Renta de magnifica bodega, iluminada; con grandes espacios de almacenamiento industrial. Ideal para grandes tiendas de marca. Construcción de 2,551 m2 Terreno 2,010 m2 TIENE: 2 rampas hidráulicas Energía trifásica 5 lugares de estacionamiento Área de vigilancia con baño Cuarto de acceso y control de almacén Comedor y oficinas Baños con vestidores hombres y mujeres Cuarto de máquinas Zona de descarga para trailers Altura mínima de 6 m2 y máxima de 12 m2 Carga Dinámica y estática Resistencia del piso de 250 kg/cm2 5 lugares de estacionamiento Cisterna El precio de renta, es más IVA. EasyBroker ID: EB-VR3801",699000.0,MXN,,,Industrial Vallejo,Azcapotzalco,Ciudad de México,Distrito Federal,Mexico,,,,,5,2551.0,,,,,0,,,null,null,null,null,null,,,,,,2026-04-01T01:24:23
Lamudi,019cba1b-e314-70be-bed2-948f26133bfd,https://www.lamudi.com.mx/detalle/41032-73-948f26133c46-e35d-19cba64-bf1b-7107,renta,local_comercial,Tienda / Local Comercial en Renta en Florida,"RENTA DE LOCAL EN INSURGENTES 1662 -CARACTERÍSTICAS DESTACADAS EL LOCAL TIENE EN TOTAL 400 M2 CONSTRUIDOS SE ENCUENTRA UBICADO EN INSURGENTES SUR 1662 CASI ESQUINA CON BARRANCA DEL MUERTO EXCELENTE CONECTIVIDAD FRENTA A LA ESTACIÓN DE METROBÚS JOSÉ MARÍA VELASCO DOS ACCESOS, UNO POR INSURGENTES Y OTRO POR TECOYOTITLA -ENTORNO CONSOLIDADO CON COMERCIOS, OFICINAS Y SERVICIOS -IDEAL PARA NEGOCIOS O CORPORATIVOS PRECIOS DE RENTA Y NIVELES DEL LOCAL 1)PLANTA BAJA MÁS SÓTANO -CUENTA CON PLANTA BAJA DE 107 M2 MÁS SÓTANO DE 99 M2 -UN GRAN PLUS ES EL SÓTANO QUE PUEDE APROVECHARSE COMO ÁREA ADICIONAL DE TRABAJO, BODEGA, COCINA, ALMACENAMIENTO, POTENCIAL PARA 3 LUGARES DE ESTACIONAMIENTO, ZONA DE ALMACENAMIENTO O INCLUSO PARA SANITARIOS 2)NIVEL 1 -MIDE EN TOTAL 107 M2, 93 M2 INTERIORES Y 14 M2 DE TERRAZA -CUENTA CON TERRAZA, 2 BAÑOS, 4 PRIVADOS, DONDE UNO DE ELLOS TIENE TERRAZA CON VISTA A INSURGENTES 3)NIVEL 2 -MIDE EN TOTAL 87 M2, 67 M2 INTERIORES Y 20 M2 DE TERRAZA -CUENTA CON UN BAÑO, 2 PRIVADOS Y ÁREA LIBRE CON VISTA A TECOYOTITLA",230000.0,MXN,,,Florida,Álvaro Obregón,Ciudad de México,Distrito Federal,Mexico,,,,,3,400.0,,,,,0,,,null,null,null,null,null,,,,,,2026-04-01T01:24:23
Lamudi,019d4680-dff9-77de-954d-0342deef7459,https://www.lamudi.com.mx/detalle/41032-73-342deef74a2-e042-19d46c9-9596-7827,renta,local_comercial,Tienda / Local Comercial en Renta en Chimalistac,"Local comercial 718m2 en renta en Miguel A. Quevedo . • Fácil acceso sobre Miguel A.Quevedo y Av.Insurgentes. • 11 lugares de estacionamiento al frente sobre vía pública. • Desarrollado en 500m2 en planta baja y 218m2 en mezzanine. • Altura libre de 7 m. • 2 baños. • Escaleras de acceso a mezzanine. • Zona netamente comercial, tiendas, bancos, etc. Renta : 190,000 M.N. Tenemos mas en greathomes.mx. EasyBroker ID: EB-VR3215",190000.0,MXN,,,Chimalistac,Álvaro Obregón,Ciudad de México,Distrito Federal,Mexico,,,,,12,718.0,,,,,0,,,null,null,null,null,null,,,,,,2026-04-01T01:24:23
Lamudi,019d467e-281b-770c-9fe5-9210c91a5d25,https://www.lamudi.com.mx/detalle/41032-73-9210c91a5d6e-2864-19d46c7-a02e-7755,renta,oficina,Oficina en Renta en Florida,"AMPLIA OFICINA EN RENTA EN INSURGENTES SUR EN LA COLONIA FLORIDA - Piso 4 - 360 m2 - 6 privados + 1 área abierta muy amplia - 1 sala de juntas amplia - 1 cuarto para servidores - 1 baño privado + baños entre pisos - Zona de Coffe Break - Aire Acondicionado general y de control individual por despacho. - 10 cajones de estacionamiento - Elevador a piso - CCTV y Vigilancia 24/7 - Acceso por Insurgentes y Tecoyotitla - Renta: $169,200. EasyBroker ID: EB-VR3370",169200.0,MXN,,,Florida,Álvaro Obregón,Ciudad de México,Distrito Federal,Mexico,,,,,10,360.0,,,,,0,,,null,null,null,null,null,,,,,,2026-04-01T01:24:23
Lamudi,019d467d-6682-7e87-ad58-f01fcba4af33,https://www.lamudi.com.mx/detalle/41032-73-f01fcba4af7c-66cb-19d46c6-ada1-7ed0,renta,oficina,Oficina en Renta en Florida,"OFICINA EN RENTA EN INSURGENTES SUR EN LA COLONIA FLORIDA - PISO 6 - 360 m2 - 3 privados amplios con espacio para guardar + 1 área abierta - Bodega y zonas de estantería - 1 sala de juntas amplia - 2 baños privados + baños entre pisos - Zona de Coffe Break - Aire Acondicionado general y de control individual por despacho. - 10 cajones de estacionamiento - CCTV y Vigilancia 24/7 - Acceso por Insurgentes y Tecoyotitla - Renta: $169,200. EasyBroker ID: EB-VR3366",169200.0,MXN,,,Florida,Álvaro Obregón,Ciudad de México,Distrito Federal,Mexico,,,,,10,360.0,,,,,0,,,null,null,null,null,null,,,,,,2026-04-01T01:24:23
Lamudi,019d467e-93d4-7698-8494-669f6c6e398a,https://www.lamudi.com.mx/detalle/41032-73-669f6c6e39d3-941d-19d46c7-84dd-76e1,renta,local_comercial,Tienda / Local Comercial en Renta en Arvide,"Bodega 550m2 en renta en condominio zona Mixcoac. Comunicada de fácil acceso por Alta Tensión ,Periférico y Eje vial San Antonio, atrás de Costco. • Estratégica ubicación para distribuir cualquier producto de ultima milla. • En condominio a 800m de Periférico y Alta Tensión. • Gran patio de maniobras para trailer. • Anden todo el frente de la bodega. • Arco techo NUEVO sin columnas. • Altura 11 metros. • Piso de concreto pulido. • Instalación Trifásica. • 8 Lugares de Estacionamiento al frente. • Luminosidad 95% para ahorro de energía eléctrica • Cisterna. • Estricta Vigilancia y control de acceso 24 horas. • Excelente administración del conjunto de bodegas. Renta $ 167,000 M.N mas iva Mantenimiento Incluido. Tenemos mas en greathomes.mx. EasyBroker ID: EB-VR2603",167000.0,MXN,,,Arvide,Álvaro Obregón,Ciudad de México,Distrito Federal,Mexico,,,,,8,550.0,,,,,0,,,null,null,null,null,null,,,,,,2026-04-01T01:24:23
Lamudi,019cba69-3993-736c-8b15-f54af2ce125a,https://www.lamudi.com.mx/detalle/41032-73-f54af2ce12a3-39dc-19cbab2-8b5e-73b5,renta,local_comercial,Tienda / Local Comercial en Renta en Florida,"RENTA DE PLANTA BAJA MAS SÓTANO- EN INSURGENTES SUR 1662 -EL SÓTANO 99 M2 INTERIORES -PLANTA BAJA DE 107 M2 INTERIORES -EN TOTAL DE AMBOS SON 206 M2 -TIENE UN GRAN PLUS QUE SE RENTE CON EL SÓTANO, YA QUE ES UN ÁREA ADICIONAL QUE PUEDE APROVECHARSE COMO BODEGA, COCINA, LUGARES DE ESTACIONAMIENTO, ZONA DE ALMACENAMIENTO O INCLUSO PARA SANITARIOS -CUENTA CON UBICACIÓN PRIVILEGIADA EN INSURGENTES SUR 1662 CASI ESQUINA CON BARRANCA DEL MUERTO -EXCELENTE CONECTIVIDAD FRENTE A ESTACIÓN DE METROBÚS JOSÉ MARÍA VELASCO -DOS ACCESOS, UNO POR INSURGENTES Y OTRO POR TECOYOTITLA -ENTORNO CONSOLIDADO DE COMERCIOS, OFICINAS Y SERVICIOS -IDEAL PARA NEGOCIOS O CORPORATIVOS -PLANTA BAJA CUENTA CON UNA TERRAZA *LAS PRIMERAS FOTOS SON RENDERS DE COMO PUDIERA QUEDAR EL LOCAL, SIN EMBARGO LAS ÚLTIMAS FOTOS SON LAS REALES DE LA FACHADA E INTERIOR DEL LOCAL",160000.0,MXN,,,Florida,Álvaro Obregón,Ciudad de México,Distrito Federal,Mexico,,,,,3,400.0,,,,,0,,,null,null,null,null,null,,,,,,2026-04-01T01:24:23
Lamudi,019d467d-e033-7765-bdcf-247065c81cd6,https://www.lamudi.com.mx/detalle/41032-73-247065c81d1f-e07c-19d46c6-be18-77ae,renta,local_comercial,Tienda / Local Comercial en Renta en Florida,"Local comercial de 140m2 en renta sobre avenida Insurgentes a pie de calle con gran frente comercial. • Amplio ,área abierta. • Muy bien comunicado sobre avenida Insurgentes Sur. • 2 Bodegas. • 2 Baños privados. • Aire Acondicionado general. • 5 cajones de estacionamiento. • Andén de carga. • Lobby con imagen corporativa en el edificio. • Acceso por Av.Insurgentes y calle Tecoyotitla . • CCTV y Vigilancia 24/7. Renta: $ 133,000 M.N. Tenemos mas en greathomes.mx. EasyBroker ID: EB-VR3382",133000.0,MXN,,,Florida,Álvaro Obregón,Ciudad de México,Distrito Federal,Mexico,,,,,5,,,,,,0,,,null,null,null,null,null,,,,,,2026-04-01T01:24:23
Lamudi,019cba7a-4fee-76d0-bef5-fb89aac7d489,https://www.lamudi.com.mx/detalle/41032-73-fb89aac7d4d2-5037-19cbac3-bf3e-7719,renta,local_comercial,Tienda / Local Comercial en Renta en Florida,"RENTA DEL PRIMER NIVEL Y SEGUNDO NIVEL DE LOCAL EN INSURGENTES SUR 1662 1)EL PRIMER NIVEL MIDE EN TOTAL 107 M2, SON 93 M2 INTERIORES Y 14 M2 DE TERRAZA Y CUENTA CON: -TERRAZA CON VISTA A INSURGENTES -2 BAÑOS -4 PRIVADOS 2)EL SEGUNDO NIVEL MIDE EN TOTAL 87 M2, 67 M2 INTERIORES Y 20 M2 DE TERRAZA Y CUENTA CON: -UN BAÑO -2 PRIVADOS -TERRAZA CON VISTA A INSURGENTES EL LOCAL SE CARACTERIZA POR: -UBICACIÓN PRIVILEGIADA EN INSURGENTES SUR 1662 CASI ESQUINA CON BARRANCA DEL MUERTO -FRENTE A LA ESTACIÓN DE METROBÚS JOSÉ MARÍA VELASCO -DOS ACCESOS, UNO POR INSURGENTES Y EL OTRO POR TECOYOTITLA -ENTORNO CONSOLIDADO CON COMERCIOS, OFICINAS Y SERVICIOS -IDEAL PARA NEGOCIOS O CORPORATIVOS *LAS PRIMERAS FOTOS SON RENDERS DE COMO PUDIERA QUEDAR EL LOCAL, SIN EMBARGO LAS SIGUIENTES FOTOS SON LAS FOTOS REALES DEL LOCAL",100000.0,MXN,,,Florida,Álvaro Obregón,Ciudad de México,Distrito Federal,Mexico,,,,,,400.0,,,,,0,,,null,null,null,null,null,,,,,,2026-04-01T01:24:23
Lamudi,019d4680-13bb-7550-868e-dcc8d2a0f2da,https://www.lamudi.com.mx/detalle/41032-73-dcc8d2a0f323-1404-19d46c9-86d7-7599,renta,local_comercial,Local en Centro Comercial en Renta en Jardines del Pedregal,"Local 74 m2 en renta en una de las Plazas Comerciales mas bonitas de Jardines del Pedregal. • Plaza comercial de arquitectura moderna con bancos, restaurantes ,gimnasio, etc. • Ubicado en Planta Baja. • Listo para operar. • Escaleras eléctricas y Elevador. • Escaleras de emergencia. • Cómodo estacionamiento techado para clientes. Condiciones: 1 Mes de renta adelantada 1 Mes de Deposito en Garantía 1 Mes de Guante o Derecho de Arrendamiento Contrato Minimo 2 Años 1 Mes de Gracia para Adecuaciones Aval con bien raíz Libre de Gravamen en CDMX. Renta : $ 88,000,000 M.N. Mantenimiento : $ 8,800 M.N Tenemos mas en greathomes.mx. EasyBroker ID: EB-VR3410",88000.0,MXN,,,Jardines del Pedregal,Álvaro Obregón,Ciudad de México,Distrito Federal,Mexico,,,,,1,74.0,,,,,0,,,null,null,null,null,null,,,,,,2026-04-01T01:24:23
Lamudi,019cba7f-3497-73d9-8b07-d3b4b63554ac,https://www.lamudi.com.mx/detalle/41032-73-d3b4b63554f5-34e0-19cbac8-8b50-7422,renta,local_comercial,Tienda / Local Comercial en Renta en Florida,"RENTA DEL PRIMER NIVEL DE LOCAL EN INSURGENTES SUR 1662 EL PRIMER NIVEL MIDE EN TOTAL 107 M2, SON 93 M2 INTERIORES Y 14 M2 DE TERRAZA. Y CUENTA CON: -TERRAZA CON VISTA A INSURGENTES -2 BAÑOS -4 PRIVADOS EL LOCAL SE CARACTERIZA POR: -CONTAR CON UBICACIÓN PRIVILEGIADA -EN INSURGENTES SUR 1662 CASI ESQUINA CON BARRANCA DEL MUERTO -EXCELENTE CONECTIVIDAD -FRENTE A LA ESTACIÓN DE METROBÚS JOSÉ MARÍA VELASCO -DOS ACCESOS: UNO POR INSURGENTES Y OTRO POR TECOYOTITLA -ENTORNO CONSOLIDADO POR COMERCIOS, OFICINAS Y SERVICIOS -IDEAL PARA NEGOCIOS O CORPORATIVOS *LAS PRIMERAS FOTOS SON RENDERS DE COMO PODRÍA QUEDAR EL LOCA, LAS SIGUIENTES FOTOS SON LAS FOTOS REALES DEL LOCAL",60000.0,MXN,,,Florida,Álvaro Obregón,Ciudad de México,Distrito Federal,Mexico,,,,,,400.0,,,,,0,,,null,null,null,null,null,,,,,,2026-04-01T01:24:23
Lamudi,019d467d-9f6d-75e2-8f26-1084e8d8ad5b,https://www.lamudi.com.mx/detalle/41032-73-1084e8d8ada4-9fb6-19d46c6-8f6f-762b,renta,departamento,Departamento en Renta en Roma Norte,"Departamento 142m2 en renta en Colonia Roma en bonita zona • Edificio pequeño de solo 4 niveles. • Desarrollado en 2 niveles con Terraza . • Agradable area social que se integra a la terraza. • Cocina integral abierta. • 2 recámaras, con baño . • Family . • 2.5 baños . • Edificio de bonita arquitectura. • Bodega. • Area de lavado. • 2 lugares de estacionamiento techados independientes. • Vigilancia 24 horas. • Se puede rentar amueblado. Renta: $ 60,000 M.N. Mantenimiento incluido. Descubre más en greathomes.mx. EasyBroker ID: EB-VR3383",60000.0,MXN,,,Roma Norte,Cuauhtémoc,Ciudad de México,Distrito Federal,Mexico,,,,,2,142.0,,,,,0,,,null,null,null,null,null,,,,,,2026-04-01T01:24:23
Lamudi,019d467e-47ea-7c00-a9a7-4bf444dd5608,https://www.lamudi.com.mx/detalle/41032-73-4bf444dd5651-4833-19d46c7-a9f0-7c49,renta,casa,Casa en Renta en Lomas de San Ángel,"Bonita Casa San Angel en condominio tipo mexicano amueblada renta • En privada. • Hermosamente Amueblada. • Bonita Terraza. • Luminosa estancia de Sala-Comedor. • 3 recamaras. • Estacionamiento. • 2 y medio baños • Cocina integral equipada. • Centro de lavado. • 1 lugar de estacionamiento techado. • Lindo jardín común. • Vigilancia 24 horas. Renta: $ 67,500 M.N. Incluye el mantenimiento. Tenemos mas en greathomes.mx. EasyBroker ID: EB-VR2991",58000.0,MXN,,,Lomas de San Ángel,Álvaro Obregón,Ciudad de México,Distrito Federal,Mexico,,,,,,290.0,,,,,0,,,null,null,null,null,null,,,,,,2026-04-01T01:24:23
Lamudi,019cba87-beff-75dc-b28c-13d553e09c17,https://www.lamudi.com.mx/detalle/41032-73-13d553e09c60-bf48-19cbad0-b2d5-7625,renta,local_comercial,Tienda / Local Comercial en Renta en Florida,"RENTA DEL SEGUNDO NIVEL-EN INSURGENTES SUR 1662 EL SEGUNDO NIVEL MIDE EN TOTAL 87 M2, 67 M2 INTERIORES Y 20 M2 DE TERRAZA Y CUENTA CON: -UN BAÑO -2 PRIVADOS -TERRAZA CON VISTA A INSURGENTES EL LOCAL SE CARACTERIZA POR: -UBICACIÓN PRIVILEGIADA EN INSURGENTES SUR 1662 CASI ESQUINA CON BARRANCA DEL MUERTO -FRENTE A LA ESTACIÓN DE METROBÚS JOSÉ MARÍA VELASCO -DOS ACCESOS, UNO POR INSURGENTES Y EL OTRO POR TECOYOTITLA -ENTORNO CONSOLIDADO CON COMERCIOS, OFICINAS Y SERVICIOS -IDEAL PARA NEGOCIOS O CORPORATIVOS *LAS PRIMERAS FOTOS SON RENDERS DE COMO PUDIERA QUEDAR EL LOCAL, SIN EMBARGO LAS SIGUIENTES FOTOS SON LAS FOTOS REALES DEL LOCAL",50000.0,MXN,,,Florida,Álvaro Obregón,Ciudad de México,Distrito Federal,Mexico,,,,,,400.0,,,,,0,,,null,null,null,null,null,,,,,,2026-04-01T01:24:23
Lamudi,019d4698-62c3-76f9-902b-33a24830baa9,https://www.lamudi.com.mx/detalle/41032-73-33a24830baf2-630c-19d46e1-9074-7742,renta,departamento,Departamento en Renta en Ampliación Granada,"Renta de moderno departamento, iluminado. Sala comedor, medio de visitas, cocina integral abierta, área de lavado. Recamara principal con vestidor y baño, segunda recamara con closet y baño. 2 lugares de estacionamiento fijos. Cuota de mantenimiento incluida. Amenidades: Alberca techada, gimnasio, ludoteca, salón de eventos, salón de lectura. Vigilancia las 24 horas. EasyBroker ID: EB-VR2968",49000.0,MXN,,,Ampliación Granada,Miguel Hidalgo,Ciudad de México,Distrito Federal,Mexico,,,,,2,111.0,,,,,0,,,null,null,null,null,null,,,,,,2026-04-01T01:24:23
Lamudi,019d467e-df2f-78b6-8c5f-fc56134505e6,https://www.lamudi.com.mx/detalle/41032-73-fc561345062f-df78-19d46c7-8ca8-78ff,renta,oficina,Oficina en Renta en Insurgentes Mixcoac,"Oficina 132 m2 en renta en Guadalupe Inn frente al Metrobus • Fácil acceso a pie y en coche. • Edificio de arquitectura moderna . • Frente a Metrobus . • Areas de trabajo abiertas. • Aire acondicionado. • 2 baños. • Elevador. • Escaleras de emergencia. • 1 lugar de estacionamiento. • Vigilancia y control de acceso 24 horas. Renta : 47,520 M.N. Mantenimiento incluido. Tenemos más en greathomes.mx. EasyBroker ID: EB-VR3213",47520.0,MXN,,,Insurgentes Mixcoac,Benito Juárez,Ciudad de México,Distrito Federal,Mexico,,,,,1,132.0,,,,,0,,,null,null,null,null,null,,,,,,2026-04-01T01:24:23
Lamudi,019d4698-790e-7ad1-b391-ab78414c6c3e,https://www.lamudi.com.mx/detalle/41032-73-ab78414c6c87-7957-19d46e1-b3da-7b1a,renta,departamento,Departamento en Renta en Granada,"Renta moderno departamento, con vista panorámica. Sala comedor, cocina integral abierta, área de lavado. Recamaras baño y closet. Vigilancia las 24 horas. 2 lugares de estacionamiento fijos. Cuota de mantenimiento incluida. Amenidades: Alberca descubierta, gimnasio, cancha de paddle, salón de eventos, área infantil, bussines center. EasyBroker ID: EB-VR2933",45000.0,MXN,,,Granada,Miguel Hidalgo,Ciudad de México,Distrito Federal,Mexico,,,,,2,84.0,,,,,0,,,null,null,null,null,null,,,,,,2026-04-01T01:24:23
Lamudi,019d467f-c543-7b36-91f6-b7a3903fab04,https://www.lamudi.com.mx/detalle/41032-73-b7a3903fab4d-c58c-19d46c8-923f-7b7f,renta,oficina,Oficina en Renta en Florida,"Oficina 100 m2 en renta en Guadalupe Inn, sobre Av.Insurgentes. • Fácil acceso. • Edificio de arquitectura moderna . • Frente a Metrobus. • Excelente iluminación natural • Área de trabajo abierta • 3 privados • 1 privado principal • 1 espacio para sala de juntas • 1 área de servicio de café • 1 closet de servicio o bodega • Aire acondicionado. • 2 baños. • Elevador. • Escaleras de emergencia. • 1 lugar de estacionamiento techado. • Pensiones cercanas • Vigilancia y control de acceso 24 horas. Renta : 43,300 M.N. Mantenimiento incluido. Tenemos más oficinas para ti en greathomes.mx. EasyBroker ID: EB-VR2994",43300.0,MXN,,,Florida,Álvaro Obregón,Ciudad de México,Distrito Federal,Mexico,,,,,1,100.0,,,,,0,,,null,null,null,null,null,,,,,,2026-04-01T01:24:23
Lamudi,019d467e-5f76-7bbc-b9b4-641fbbf5c4e4,https://www.lamudi.com.mx/detalle/41032-73-641fbbf5c52d-5fbf-19d46c7-b9fd-7c05,renta,oficina,Oficina en Renta en Florida,"Oficina de 110 m² en renta en Insurgentes Sur – Piso 3, Col. Florida • Oficina muy bien iluminada ubicada en el cuarto piso sobre Av. Insurgentes Sur, en la Colonia Florida. • Espacio amplio, moderno y totalmente abierto con piso laminado en excelente estado. • 110 m² muy aprovechados. • Área abierta amplia que permite distintos layouts de trabajo • 2 privados con buena iluminación • Recepción con reja de seguridad • Piso laminado en todo el espacio • Ventanales amplios con vistas arboladas • Baños entre pisos • Excelente luz natural durante todo el día • Edificio de uso exclusivamente corporativo • 1 Estacionamiento. Renta mensual: $ 40,600 M.N. (cuota de vigilancia incluida) Tenemos mas en greathomes.mx. EasyBroker ID: EB-VR3092",40600.0,MXN,,,Florida,Álvaro Obregón,Ciudad de México,Distrito Federal,Mexico,,,,,1,,,,,,0,,,null,null,null,null,null,,,,,,2026-04-01T01:24:23
Lamudi,019d467f-0535-7003-8a4e-ffae0f92ec80,https://www.lamudi.com.mx/detalle/41032-73-ffae0f92ecc9-57e-19d46c8-8a97-704c,renta,oficina,Oficina en Renta en Guadalupe Inn,"Oficina en renta – 110 m² –8 piso Insurgentes Sur – Col. Florida – • Oficina de 110 m² en excelente ubicación sobre Av. Insurgentes Sur, en la Colonia Florida. • A pasos de la estación de Metrobus Francia • Espacio muy amplio y versátil, con gran iluminación natural gracias a ventanales en área abierta y privados. • Distribución: – Área abierta amplia ideal para estaciones de trabajo, recepción o showroom. – 2 privados con luz natural, perfectos para dirección o salas de juntas. • Pisos de cerámica y muros blancos listos para personalizar con la imagen de tu empresa. • Reja de seguridad en la entrada para mayor control. • Baños entre pisos de uso común. • 1 lugar de estacionamiento. • Edificio con vigilancia y control de acceso. • Ideal para despachos contables, consultorías, agencias, oficinas corporativas o empresas de servicios. Renta mensual: $40,600 M.N. (incluye cuota de vigilancia) Tenemos más opciones de oficinas para ti en greathomes.mx. EasyBroker ID: EB-VR3085",40600.0,MXN,,,Guadalupe Inn,Álvaro Obregón,Ciudad de México,Distrito Federal,Mexico,,,,,1,,,,,,0,,,null,null,null,null,null,,,,,,2026-04-01T01:24:23
Lamudi,019d467d-81cb-7b34-a163-2eb81b77b2cb,https://www.lamudi.com.mx/detalle/41032-73-2eb81b77b314-8214-19d46c6-a1ac-7b7d,renta,oficina,Oficina en Renta en Florida,"Oficina en renta – Insurgentes Sur- Col. Florida – Piso 7 • Oficina de 110 m² en edificio corporativo sobre Av. Insurgentes Sur, una de las zonas más conectadas de la CDMX. • Distribución funcional: – Área amplia de recepción ideal para atención a clientes o sala de espera. – 3 privados con buena iluminación natural. – Espacio abierto para estaciones de trabajo. • Cocina con tarja integrada para servicio interno. • Baño dentro de la oficina, más baños comunes entre pisos. • Pisos mixtos (cerámica + laminado) y muros blancos listos para personalizar. • Reja de seguridad en acceso. • 1 lugar de estacionamiento. • Edificio con vigilancia. • Cerca de Metrobus Francia y parada José María Velasco. Renta mensual: $40,600 M.N. Incluye cuota de vigilancia. Tenemos más opciones de oficinas para ti en greathomes.mx. EasyBroker ID: EB-VR3087",40600.0,MXN,,,Florida,Álvaro Obregón,Ciudad de México,Distrito Federal,Mexico,,,,,,110.0,,,,,0,,,null,null,null,null,null,,,,,,2026-04-01T01:24:23
Lamudi,019d4685-5262-7eff-8335-02345262b7a8,https://www.lamudi.com.mx/detalle/41032-73-2345262b7f1-52ab-19d46ce-837e-7f48,renta,casa,Casa en Renta en Chimalli,"Hermosa casa, con espacios amplios, en fraccionamiento Residencial Chimalli. Tiene vigilancia 24hs, son 260 casas en total. El fraccionamiento tiene áreas comunes: Parque arbolado con hermosos Jardines, bancas, espacio para pasear mascotas, salón de usos múltiples, WC, cancha de basket, cancha de futbol, espacio para hacer ejercicio, áreas de jardín con juegos infantiles. PLANTA BAJA: - Garage para dos autos - Área de lavado - Jardin de 1.5 por 1.5m Al entrar encontramos: - Estudio que podría funcionar como recámara - Sala amplía con vista a la terraza - Comedor amplio con vista a la terraza -Cocina cerrada con salida al área de estacionamiento donde está el área de lavado - Medio baño - Pasillo de distribución - Terraza - Bodega PRIMER PISO: - Cuatro habitaciones, la principal con vestidor y baño - Otro baño completo - Clóset de blancos de dos paredes en todo el hall de distribución SEGUNDO PISO - Dos cuartos de servicio - Un baño completo Sistema de videovigilancia con circuito cerrado en toda la casa Se acepta una mascota. EasyBroker ID: EB-US8746",39500.0,MXN,,,Chimalli,Tlalpan,Ciudad de México,Distrito Federal,Mexico,,,,,2,260.0,,,,,0,,,null,null,null,null,null,,,,,,2026-04-01T01:24:23
Lamudi,019d4698-03a1-7bf7-abca-34d8357b776a,https://www.lamudi.com.mx/detalle/41032-73-34d8357b77b3-3ea-19d46e1-ac13-7c40,renta,departamento,Departamento en Renta en Xoco,"Renta exclusivo y confortable LOFT amueblado, con aire acondicionado y persianas electricas, con hermosa vista panorámica hacia los volcanes. En una área TOTALMENTE ABIERTA: se distribuye en 68 m2, la cocina integral abierta (con refrigerador y lavaloza), comedor, sala, área de lavado (con centro de lavado). Mueble tipo librero de madera, empotrado en toda la pared (para distintos fines de espacio, almacenaje y un escritorio). Además, de formar parte de la base y cabecera de la cama, de tamaño Queen Size y mueble para televisión (que se oculta de manera electrónica), vestidor y baño. Más $4,000 de cuota de mantenimiento. Un amplio lugar de estacionamiento fijo y una amplia bodega. Amenidades: Alberca para adultos, alberca para niños, jacuzzi, gimnasio, área de pilates, ludoteca, jardín de niños, cine, salón de eventos y salones privados para reuniones con amigos o sala de juntas. Vigilancia 24 horas y acceso controlado. **Precio sujeto a cambio, sin previo aviso**. EasyBroker ID: EB-VR2984",38000.0,MXN,,,Xoco,Benito Juárez,Ciudad de México,Distrito Federal,Mexico,,,,,1,68.0,,,,,0,,,null,null,null,null,null,,,,,,2026-04-01T01:24:23
Lamudi,019d4680-4aed-7b18-a090-360bb0dfa820,https://www.lamudi.com.mx/detalle/41032-73-360bb0dfa869-4b36-19d46c9-a0d9-7b61,renta,oficina,Oficina en Renta en Florida,"🏢 Oficina 90 m² en renta – 4° piso – Insurgentes Sur, Colonia Florida Excelente iluminación • Privados con vidrio • Vista arbolada • Elevador a piso • Oficina muy bien iluminada ubicada en el cuarto piso sobre Av. Insurgentes Sur, en la Colonia Florida, dentro de edificio corporativo con vigilancia. • Espacio amplio con piso laminado en buen estado, distribución versátil y ventanales de piso a techo con vista arbolada. • 3 privados con muros de vidrio y luz natural, ideales para dirección, reuniones o trabajo administrativo. • Área abierta perfecta para estaciones de trabajo, equipos creativos u operación. • Recepción o zona de control de acceso al entrar. • Cocineta o área para preparar alimentos (entre pisos). • Baños entre pisos. • Elevador directo al piso, lo que facilita accesos y tránsito interno. • 1 lugar de estacionamiento en garage techado. • Excelente ubicación sobre Insurgentes: Metrobus a unos pasos, rápido acceso a Circuito Interior, Av. Universidad, San Ángel y zona comercial. Renta : $ 33,300 M.N. Mantenimiento Incluido Tenemos más en greathomes.mx. EasyBroker ID: EB-VR2542",33300.0,MXN,,,Florida,Álvaro Obregón,Ciudad de México,Distrito Federal,Mexico,,,,,,90.0,,,,,0,,,null,null,null,null,null,,,,,,2026-04-01T01:24:23
Lamudi,019d467d-c4f0-7455-b54f-f8cd641e3832,https://www.lamudi.com.mx/detalle/41032-73-f8cd641e387b-c539-19d46c6-b598-749e,renta,casa,Casa en Renta en San Agustín del Pueblo Tetelpan,"Casa 147m2 en renta en condominio en Colonia Lomas A. Tetelpan • A 1,500 m de Periferico Sur , Altavista y Televisa San Angel. • Privada muy tranquila . • Pisos de cerámica. • Sala-Comedor con chimenea. • Cocina . • Desayunador. • Patio techado. • 3 recámaras. • Balcón . • 2.5 baños . • Area de lavado y Terraza . • Gas estacionario . • 2 lugares de estacionamiento. • Agradables áreas verdes comunes. Renta: $27,000 M.N. Mantenimiento incluido. Tenemos mas en greathomes.mx. EasyBroker ID: EB-VR2586",27000.0,MXN,,,San Agustín del Pueblo Tetelpan,Álvaro Obregón,Ciudad de México,Distrito Federal,Mexico,,,,,2,175.0,,,,,0,,,null,null,null,null,null,,,,,,2026-04-01T01:24:23
Lamudi,019d4680-5ace-76b9-aaaa-075f867fa206,https://www.lamudi.com.mx/detalle/41032-73-75f867fa24f-5b17-19d46c9-aaf3-7702,renta,departamento,Departamento en Renta en Chimalistac,"Departamento 190 m2 en Renta en Colonia Chimalistac • A una cuadra de Insurgentes Sur y el Parque de la Bombilla • Calle empedrada y muy tranquila. • Pisos de cerámica. • Estancia Sala-Comedor muy amplia y bien iluminada • Cocina integral con puerta de acceso independiente • Área de lavado. • Espacio para guardar blancos • 2 recámaras con clóset • 2 baños completos • 2 lugares de estacionamiento. • Vigilancia Renta: $27,000 M.N. Mantenimiento incluido. Descubre mas en greathomes.mx. EasyBroker ID: EB-VR3411",27000.0,MXN,,,Chimalistac,Álvaro Obregón,Ciudad de México,Distrito Federal,Mexico,,,,,2,190.0,,,,,0,,,null,null,null,null,null,,,,,,2026-04-01T01:24:23
Lamudi,019d4681-14bc-7442-9207-a8cc434f776a,https://www.lamudi.com.mx/detalle/41032-73-a8cc434f77b3-1505-19d46ca-9250-748b,renta,casa,Casa en Renta en Lomas de San Ángel,"Preciosa residencia de lujo de 1,122m2 en renta en San Angel • Espectacular jardín con grandes arboles. • Terraza que se integra al jardín. • A pocos metros de la Iglesia de San Jacinto. • Desarrollada en 2 niveles. • Elevador . • Alberca techada con vestidores y baños de hombres y mujeres. • Family. • Despacho con baño y vista al jardín. • 3 recamaras con baño y vestidor. • 3 y medio baños. • Cocina integral super amplia. • Desayunador. • Cuarto de servicio con baño. • Cuarto de lavado . • 8 lugares de estacionamiento (4 techados ) • Cancha de Frontón Universal Carisma. • Biblioteca . • Salón de juegos con baño, . • Bodega. • Paneles solares.. • Caseta de Vigilancia con baño. Renta: 25,000 USD Incluye Mantenimiento. ¡Síguenos!...Somos líderes en asesoría inmobiliaria con ¡verdadero valor agregado! ¡Estrena con GreatHomes Rs!. EasyBroker ID: EB-VR2545",25000.0,USD,,,Lomas de San Ángel,Álvaro Obregón,Ciudad de México,Distrito Federal,Mexico,,,,,8,1122.0,,,,,0,,,null,null,null,null,null,,,,,,2026-04-01T01:24:23
Lamudi,0196c730-61fc-775f-8fb0-a2497ba63819,https://www.lamudi.com.mx/detalle/41032-73-a2497ba63862-6245-196c779-8ff9-77a8,renta,oficina,Oficina en Renta en Polanco,Se rentan oficinas en edificio AAA en Reforma (ferrocarril de cuernavaca) Piso 6 Certificado de calidad 240 metros 216 útiles 7 cajones de estacionamiento Más mantenimiento Más iva. EasyBroker ID: EB-TC4156,8480.0,USD,,,Polanco,Miguel Hidalgo,Ciudad de México,Distrito Federal,Mexico,,,,,7,240.0,,,,,0,,,null,null,null,null,null,,,,,,2026-04-01T01:24:23
Lamudi,019d4698-0bfe-7121-ab9d-d99726a7ad54,https://www.lamudi.com.mx/detalle/41032-73-d99726a7ad9d-c47-19d46e1-abe6-716a,renta,departamento,Departamento en Renta en Polanco,"Renta moderno departamento finamente amueblado de diseñador y equipado de lujo, con vista arbolada; enfrente del Parque Gandhi. Amplia sala comedor con salida a la terraza, medio baño de visitas, área de televisión, cocina integral con antecomedor, cuarto de servicio con baño y área de lavado. Recamara principal con vestidor, baño y balcón, segunda y tercera recamara con baño, closet y balcón . Dos amplios estacionamientos fijos y 1 bodega. Estricta vigilancia las 24 horas. EasyBroker ID: EB-VR2944",6000.0,USD,,,Polanco,Miguel Hidalgo,Ciudad de México,Distrito Federal,Mexico,,,,,2,210.0,,,,,0,,,null,null,null,null,null,,,,,,2026-04-01T01:24:23
Lamudi,019d4686-7960-7e71-9ce6-859fd93470f7,https://www.lamudi.com.mx/detalle/41032-73-859fd9347140-79a9-19d46cf-9d2f-7eba,renta,departamento,Departamento en Renta en San Francisco Culhuacan Barrio San Juan,"RENTA SOLO DE RECAMARA PARTE DE UN DEPTO. HABITADO, CON ÁREAS COMUNES COMPARTIDAS. (Baño, Cocina, Sala, Comedor, área de lavado y tendido) +Excelente ubicación frente a Paseos de Taxqueña, conecta con Calzada Taxqueña, Canal Nacional y Río Churubusco. ++A 2 km de metro linea dorada Mexicalcingo, A 3km de metro taxqueña, A km y medio supermercado y parques. +++Con buena iluminación natural. ****Con áreas verdes para disfrutar. ***Servicios incluidos Internet y streaming Netflix etc.. Luz, Agua, Gas ** último precio de renta. Nota: Para una convivencia sana, personas ordenadas y que les guste vivir en pulcritud. Nota: Si el inquilino esta el 95% en casa haciendo Home Office y no labora afuera el precio de renta se ajusta así como los servicios solo si se consume más de de lo habitual se tendría que ajustar por el aumento de consumo con el propietario* - No tiene estacionamiento sin embargo, en la misma calle o en calles aledañas hay lugar suficiente para estacionarse y es una buena opción ya que la colonia en general es muy tranquila y segura o bien existe la opción de rentar lugar ahí mismo. CON ÁREAS COMUNES DE LA CASA COMPARTIDAS. EasyBroker ID: EB-VR3202",5500.0,MXN,,,San Francisco Culhuacan Barrio San Juan,Coyoacán,Ciudad de México,Distrito Federal,Mexico,,,,,,60.0,,,,,0,,,null,null,null,null,null,,,,,,2026-04-01T01:24:23
Lamudi,e927d3fc-642b-41d7-b6f8-4348ab3dd3f3,https://www.lamudi.com.mx/desarrollo/41032-73-4348ab3dd43c-6474-e927d445-b741-4220,renta,,"MEXICO CITY, Spaces Prado Sur","En Spaces MEXICO CITY, Spaces Prado Sur, podemos apoyarte con lo siguiente: · Oficina: tu propia oficina corporativa con todos los servicios y un contrato flexible que se adapta a tu negocio, con acceso diario las 24 horas. · Suscripción de coworking: trabaja desde miles de espacios de coworking en todo el mundo, todos con contratos flexibles y acceso ilimitado en un horario hábil. · Escritorio de uso exclusivo: tu propio escritorio privado en una oficina compartida o espacio abierto al que puedes tener acceso diario las 24 horas, con taquilla incluida y un contrato flexible. · Salas de reuniones: elige entre miles de salas de reuniones bajo demanda y espacios para eventos con todos los servicios que puedas necesitar; son totalmente personalizables para cualquier tipo de evento y duración. · Oficina virtual: causa la mejor impresión con una dirección comercial profesional en una de nuestras ubicaciones y deja que gestionemos tus llamadas y tu correspondencia. La oferta y precio mostrados en este listado son orientativos y están sujetos a disponibilidad. Todas las imágenes que se muestran en este anuncio pertenecen a nuestras ubicaciones, sin embargo, podrían no corresponder a este centro en específico. Ponte en contacto con nosotros",1457.0,MXN,,,Lomas de Chapultepec,Miguel Hidalgo,Ciudad de México,Distrito Federal,Mexico,,,,,,1.0,,,,,0,,,null,null,null,null,null,,,,,,2026-04-01T01:24:23
Lamudi,94cbe32c-95bc-413b-a141-d3c946e65f74,https://www.lamudi.com.mx/desarrollo/41032-73-d3c946e65fbd-9605-94cbe375-a18a-4184,renta,,"MEXICO CITY, Spaces Polanco Arquímedes","En Spaces MEXICO CITY, Spaces Polanco Arquímedes, podemos apoyarte con lo siguiente: · Oficina: tu propia oficina corporativa con todos los servicios y un contrato flexible que se adapta a tu negocio, con acceso diario las 24 horas. · Suscripción de coworking: trabaja desde miles de espacios de coworking en todo el mundo, todos con contratos flexibles y acceso ilimitado en un horario hábil. · Escritorio de uso exclusivo: tu propio escritorio privado en una oficina compartida o espacio abierto al que puedes tener acceso diario las 24 horas, con taquilla incluida y un contrato flexible. · Salas de reuniones: elige entre miles de salas de reuniones bajo demanda y espacios para eventos con todos los servicios que puedas necesitar; son totalmente personalizables para cualquier tipo de evento y duración. · Oficina virtual: causa la mejor impresión con una dirección comercial profesional en una de nuestras ubicaciones y deja que gestionemos tus llamadas y tu correspondencia. La oferta y precio mostrados en este listado son orientativos y están sujetos a disponibilidad. Todas las imágenes que se muestran en este anuncio pertenecen a nuestras ubicaciones, sin embargo, podrían no corresponder a este centro en específico. Ponte en contacto con nosotros",1457.0,MXN,,,Polanco,Miguel Hidalgo,Ciudad de México,Distrito Federal,Mexico,,,,,,1.0,,,,,0,,,null,null,null,null,null,,,,,,2026-04-01T01:24:23
Propiedades.com,30327415,https://propiedades.com/inmuebles/departamento-en-venta-matias-romero-423-col-del-valle-centro-benito-juarez-03100-ciudad-de-mexico-cdmx-mexico-del-valle-centro-df-30327415#area=inmuebles-en-venta-en-ciudad-de-mexico&pos=3,venta,departamento,"Se vende departamento en Matías Romero 423, Col del Valle Centro, Benito Juárez, 03100 Ciudad de México, CDMX, Mexico, Col. Del Valle Centro, Benito Juárez, DF / CDMX, México, C.P. 03100, ID: 30327415",,12615077.0,MXN,,"Se vende departamento en Matías Romero 423, Col del Valle Centro, Benito Juárez, 03100 Ciudad de México, CDMX, Mexico, Col. Del Valle Centro, Benito Juárez, DF / CDMX, México, C.P. 03100, ID: 30327415",,"Matías Romero 423, Col del Valle Centro, Benito Juárez, 03100 Ciudad de México, CDMX, Mexico, Col. Del Valle Centro",,Ciudad De Mexico,México,03100,,,,,,,,,,0,,,null,null,null,null,null,,,,,,2026-04-01T00:58:43
Propiedades.com,30327414,https://propiedades.com/inmuebles/departamento-en-venta-c-antillas-408-portales-nte-benito-juarez-03303-ciudad-de-mexico-cdmx-mexico-portales-norte-df-30327414#area=inmuebles-en-venta-en-ciudad-de-mexico&pos=6,venta,departamento,"Se vende departamento C. Antillas 408, Portales Nte, Benito Juárez, 03303 Ciudad de México, CDMX, Mexico, Col. Portales Norte, Benito Juárez, DF / CDMX, México, C.P. 03303, ID: 30327414",,7087806.0,MXN,,"Se vende departamento C. Antillas 408, Portales Nte, Benito Juárez, 03303 Ciudad de México, CDMX, Mexico, Col. Portales Norte, Benito Juárez, DF / CDMX, México, C.P. 03303, ID: 30327414",,"C. Antillas 408, Portales Nte, Benito Juárez, 03303 Ciudad de México, CDMX, Mexico, Col. Portales Norte",,Ciudad De Mexico,México,03303,,,,,,,,,,0,,,null,null,null,null,null,,,,,,2026-04-01T00:58:43
Propiedades.com,30327427,https://propiedades.com/inmuebles/departamento-en-venta-casa-del-obrero-mundial-114-codigo-2-col-del-valle-nte-benito-juarez-03103-del-valle-nte-cdmx-del-valle-norte-df-30327427#area=inmuebles-en-venta-en-ciudad-de-mexico&pos=23,venta,departamento,"Venta de departamento Casa del Obrero Mundial 114, código 2, Col del Valle Nte, Benito Juárez, 03103 Del Valle Nte, CDMX, Col. Del Valle Norte, Benito Juárez, DF / CDMX, México, C.P. 03103, ID: 30327427",,6740000.0,MXN,,"Venta de departamento Casa del Obrero Mundial 114, código 2, Col del Valle Nte, Benito Juárez, 03103 Del Valle Nte, CDMX, Col. Del Valle Norte, Benito Juárez, DF / CDMX, México, C.P. 03103, ID: 30327427",,"Casa del Obrero Mundial 114, código 2, Col del Valle Nte, Benito Juárez, 03103 Del Valle Nte, CDMX, Col. Del Valle Norte",,Ciudad De Mexico,México,03103,,,,,,,,,,0,,,null,null,null,null,null,,,,,,2026-04-01T00:58:43
Propiedades.com,30333846,https://propiedades.com/inmuebles/departamento-en-venta-av-chapultepec-49-colonia-centro-roma-nte-cuauhtemoc-06040-ciudad-de-mexico-cdmx-roma-norte-df-30333846#area=inmuebles-en-venta-en-ciudad-de-mexico&pos=12,venta,departamento,"Se vende departamento en Av Chapultepec 49, Colonia Centro, Roma Nte., Cuauhtémoc, 06040 Ciudad de México, CDMX, Col. Roma Norte, Cuauhtémoc, DF / CDMX, México, C.P. 06700, ID: 30333846",,6130000.0,MXN,,"Se vende departamento en Av Chapultepec 49, Colonia Centro, Roma Nte., Cuauhtémoc, 06040 Ciudad de México, CDMX, Col. Roma Norte, Cuauhtémoc, DF / CDMX, México, C.P. 06700, ID: 30333846",,"Av Chapultepec 49, Colonia Centro, Roma Nte., Cuauhtémoc, 06040 Ciudad de México, CDMX, Col. Roma Norte",,Ciudad De Mexico,México,06700,,,,,,,,,,0,,,null,null,null,null,null,,,,,,2026-04-01T00:58:43
Propiedades.com,30334082,https://propiedades.com/inmuebles/departamento-en-venta-c-monaco-320-zacahuitzco-benito-juarez-03550-ciudad-de-mexico-cdmx-zacahuitzco-df-30334082#area=inmuebles-en-venta-en-ciudad-de-mexico&pos=4,venta,departamento,"Venta de departamento en C. Mónaco 320|, Zacahuitzco, Benito Juárez, 03550 Ciudad de México, CDMX, Col. Zacahuitzco, Benito Juárez, DF / CDMX, México, C.P. 03550, ID: 30334082",,5337116.0,MXN,,"Venta de departamento en C. Mónaco 320|, Zacahuitzco, Benito Juárez, 03550 Ciudad de México, CDMX, Col. Zacahuitzco, Benito Juárez, DF / CDMX, México, C.P. 03550, ID: 30334082",,"C. Mónaco 320|, Zacahuitzco, Benito Juárez, 03550 Ciudad de México, CDMX, Col. Zacahuitzco",,Ciudad De Mexico,México,03550,,,,,,,,,,0,,,null,null,null,null,null,,,,,,2026-04-01T00:58:43
Propiedades.com,30334330,https://propiedades.com/inmuebles/departamento-en-venta-ignacio-manuel-altamirano-39san-rafael-cuauhtemoc-06470-ciudad-de-mexico-cdmx-san-rafael-df-30334330#area=inmuebles-en-venta-en-ciudad-de-mexico&pos=37,venta,departamento,"Venta departamento en Ignacio Manuel Altamirano 39San Rafael, Cuauhtémoc, 06470 Ciudad de México, CDMX, Col. San Rafael, Cuauhtémoc, DF / CDMX, México, C.P. 06470, ID: 30334330",,4650000.0,MXN,,"Venta departamento en Ignacio Manuel Altamirano 39San Rafael, Cuauhtémoc, 06470 Ciudad de México, CDMX, Col. San Rafael, Cuauhtémoc, DF / CDMX, México, C.P. 06470, ID: 30334330",,"Ignacio Manuel Altamirano 39San Rafael, Cuauhtémoc, 06470 Ciudad de México, CDMX, Col. San Rafael",,Ciudad De Mexico,México,06470,,,,,,,,,,0,,,null,null,null,null,null,,,,,,2026-04-01T00:58:43
Propiedades.com,30327417,https://propiedades.com/inmuebles/departamento-en-venta-calz-de-tlalpan-1159-san-simon-benito-juarez-03660-ciudad-de-mexico-cdmx-san-simon-ticumac-df-30327417#area=inmuebles-en-venta-en-ciudad-de-mexico&pos=31,venta,departamento,"Departamento disponible en venta en Calz. de Tlalpan 1159, San Simón, Benito Juárez, 03660 Ciudad de México, CDMX, Col. San Simón Ticumac, Benito Juárez, DF / CDMX, México, C.P. 03660, ID: 30327417",,4300000.0,MXN,,"Departamento disponible en venta en Calz. de Tlalpan 1159, San Simón, Benito Juárez, 03660 Ciudad de México, CDMX, Col. San Simón Ticumac, Benito Juárez, DF / CDMX, México, C.P. 03660, ID: 30327417",,"Calz. de Tlalpan 1159, San Simón, Benito Juárez, 03660 Ciudad de México, CDMX, Col. San Simón Ticumac",,Ciudad De Mexico,México,03660,,,,,,,,,,0,,,null,null,null,null,null,,,,,,2026-04-01T00:58:43
Propiedades.com,30327419,https://propiedades.com/inmuebles/departamento-en-venta-xochicalco-26-narvarte-poniente-benito-juarez-03000-ciudad-de-mexico-cdmx-piedad-narvarte-df-30327419#area=inmuebles-en-venta-en-ciudad-de-mexico&pos=24,venta,departamento,"Venta departamento en Xochicalco 26, Narvarte Poniente, Benito Juárez, 03000 Ciudad de México, CDMX, Col. Piedad Narvarte, Benito Juárez, DF / CDMX, México, C.P. 03000, ID: 30327419",,4250000.0,MXN,,"Venta departamento en Xochicalco 26, Narvarte Poniente, Benito Juárez, 03000 Ciudad de México, CDMX, Col. Piedad Narvarte, Benito Juárez, DF / CDMX, México, C.P. 03000, ID: 30327419",,"Xochicalco 26, Narvarte Poniente, Benito Juárez, 03000 Ciudad de México, CDMX, Col. Piedad Narvarte",,Ciudad De Mexico,México,03000,,,,,,,,,,0,,,null,null,null,null,null,,,,,,2026-04-01T00:58:43
Propiedades.com,30201959,https://propiedades.com/inmuebles/departamento-en-venta-hilario-perez-de-leon-84-depto-202-americas-unidas-03610-benito-juarez-cdmx-americas-unidas-df-30201959#area=inmuebles-en-venta-en-ciudad-de-mexico&pos=40,venta,departamento,"Se vende departamento en Hilario Pérez de León #84 Depto 202, Américas Unidas, 03610, Benito Juárez, CDMX, Col. Américas Unidas, Benito Juárez, DF / CDMX, México, C.P. 03610, ID: 30201959",,3848000.0,MXN,,"Se vende departamento en Hilario Pérez de León #84 Depto 202, Américas Unidas, 03610, Benito Juárez, CDMX, Col. Américas Unidas, Benito Juárez, DF / CDMX, México, C.P. 03610, ID: 30201959",,"Hilario Pérez de León #84 Depto 202, Américas Unidas, 03610, Benito Juárez, CDMX, Col. Américas Unidas",,Ciudad De Mexico,México,03610,,,,,,,,,,0,,,null,null,null,null,null,,,,,,2026-04-01T00:58:43
Propiedades.com,30334893,https://propiedades.com/inmuebles/departamento-en-venta-jacarandas-55-san-clemente-nte-alvaro-obregon-ciudad-de-mexico-cdmx-cp-01740--san-clemente-norte-df-30334893#area=inmuebles-en-venta-en-ciudad-de-mexico&pos=21,venta,departamento,"Jacarandas 55, San Clemente Nte, Álvaro Obregón, Ciudad de México, CDMX CP 01740 , Col. San Clemente Norte, Álvaro Obregón, DF / CDMX, México, C.P. 01740, ID: 30334893",,3842000.0,MXN,,"Jacarandas 55, San Clemente Nte, Álvaro Obregón, Ciudad de México, CDMX CP 01740 , Col. San Clemente Norte, Álvaro Obregón, DF / CDMX, México, C.P. 01740, ID: 30334893",,Álvaro Obregón,,Ciudad De Mexico,México,01740,,,,,,,,,,0,,,null,null,null,null,null,,,,,,2026-04-01T00:58:43
Propiedades.com,30334470,https://propiedades.com/inmuebles/departamento-en-venta-icacos-5854-narvarte-oriente-benito-juarez-03023-ciudad-de-mexico-cdmx-narvarte-oriente-df-30334470#area=inmuebles-en-venta-en-ciudad-de-mexico&pos=18,venta,departamento,"Icacos 58-54, Narvarte Oriente, Benito Juárez, 03023 Ciudad de México, CDMX, Col. Narvarte Oriente, Benito Juárez, DF / CDMX, México, C.P. 03023, ID: 30334470",,3750000.0,MXN,,"Icacos 58-54, Narvarte Oriente, Benito Juárez, 03023 Ciudad de México, CDMX, Col. Narvarte Oriente, Benito Juárez, DF / CDMX, México, C.P. 03023, ID: 30334470",,"Icacos 58-54, Narvarte Oriente, Benito Juárez, 03023 Ciudad de México, CDMX, Col. Narvarte Oriente",,Ciudad De Mexico,México,03023,,,,,,,,,,0,,,null,null,null,null,null,,,,,,2026-04-01T00:58:43
Propiedades.com,30334170,https://propiedades.com/inmuebles/departamento-en-venta-calle-jose-antonio-torres-756-viaducto-piedad-iztacalco-08200-ciudad-de-mexico-cdmx-mexico-viaducto-piedad-df-30334170#area=inmuebles-en-venta-en-ciudad-de-mexico&pos=38,venta,departamento,"Departamento en venta disponible en Calle José Antonio Torres 756, Viaducto Piedad, Iztacalco, 08200 Ciudad de México, CDMX, México, Col. Viaducto Piedad, Iztacalco, DF / CDMX, México, C.P. 08200, ID: 30334170",,3730000.0,MXN,,"Departamento en venta disponible en Calle José Antonio Torres 756, Viaducto Piedad, Iztacalco, 08200 Ciudad de México, CDMX, México, Col. Viaducto Piedad, Iztacalco, DF / CDMX, México, C.P. 08200, ID: 30334170",,"Calle José Antonio Torres 756, Viaducto Piedad, Iztacalco, 08200 Ciudad de México, CDMX, México, Col. Viaducto Piedad",,Ciudad De Mexico,México,08200,,,,,,,,,,0,,,null,null,null,null,null,,,,,,2026-04-01T00:58:43
Propiedades.com,30327541,https://propiedades.com/inmuebles/departamento-en-venta-blvd-adolfo-lopez-mateos-129-nonoalco-benito-juarez-03700-ciudad-de-mexico-cdmx-santa-maria-nonoalco-df-30327541#area=inmuebles-en-venta-en-ciudad-de-mexico&pos=34,venta,departamento,"Blvd. Adolfo López Mateos 129, Nonoalco, Benito Juárez, 03700 Ciudad de México, CDMX, Col. Santa Maria Nonoalco, Benito Juárez, DF / CDMX, México, C.P. 03700, ID: 30327541",,3703000.0,MXN,,"Blvd. Adolfo López Mateos 129, Nonoalco, Benito Juárez, 03700 Ciudad de México, CDMX, Col. Santa Maria Nonoalco, Benito Juárez, DF / CDMX, México, C.P. 03700, ID: 30327541",,"Blvd. Adolfo López Mateos 129, Nonoalco, Benito Juárez, 03700 Ciudad de México, CDMX, Col. Santa Maria Nonoalco",,Ciudad De Mexico,México,03700,,,,,,,,,,0,,,null,null,null,null,null,,,,,,2026-04-01T00:58:43
Propiedades.com,30334141,https://propiedades.com/inmuebles/departamento-en-venta-la-coruna-35-alamos-benito-juarez-03400-ciudad-de-mexico-cdmx-alamos-df-30334141#area=inmuebles-en-venta-en-ciudad-de-mexico&pos=30,venta,departamento,"Venta departamento en La Coruña 35, Álamos, Benito Juárez, 03400 Ciudad de México, CDMX, Col. Álamos, Benito Juárez, DF / CDMX, México, C.P. 03400, ID: 30334141",,3600000.0,MXN,,"Venta departamento en La Coruña 35, Álamos, Benito Juárez, 03400 Ciudad de México, CDMX, Col. Álamos, Benito Juárez, DF / CDMX, México, C.P. 03400, ID: 30334141",,"La Coruña 35, Álamos, Benito Juárez, 03400 Ciudad de México, CDMX, Col. Álamos",,Ciudad De Mexico,México,03400,,,,,,,,,,0,,,null,null,null,null,null,,,,,,2026-04-01T00:58:43
Propiedades.com,29685514,https://propiedades.com/inmuebles/departamento-en-venta-av-victor-hugo-154-portales-nte-benito-juarez-03303-ciudad-de-mexico-cdmx-portales-norte-df-29685514#area=inmuebles-en-venta-en-ciudad-de-mexico&pos=10,venta,departamento,"Se vende departamento en Av. Víctor Hugo 154, Portales Nte, Benito Juárez, 03303 Ciudad de México, CDMX, Col. Portales Norte, Benito Juárez, DF / CDMX, México, C.P. 03303, ID: 29685514",,3582000.0,MXN,,"Se vende departamento en Av. Víctor Hugo 154, Portales Nte, Benito Juárez, 03303 Ciudad de México, CDMX, Col. Portales Norte, Benito Juárez, DF / CDMX, México, C.P. 03303, ID: 29685514",,"Av. Víctor Hugo 154, Portales Nte, Benito Juárez, 03303 Ciudad de México, CDMX, Col. Portales Norte",,Ciudad De Mexico,México,03303,,,,,,,,,,0,,,null,null,null,null,null,,,,,,2026-04-01T00:58:43
Propiedades.com,29907176,https://propiedades.com/inmuebles/departamento-en-venta-tamaulipas-13-depto-3-cuajimalpa-cdmx-cp-05000-cuajimalpa-df-29907176#area=inmuebles-en-venta-en-ciudad-de-mexico&pos=2,venta,departamento,"Tamaulipas 13 Depto 3, Cuajimalpa, CDMX, C.P. 05000, Col. Cuajimalpa, Cuajimalpa de Morelos, DF / CDMX, México, C.P. 05000, ID: 29907176",,3529000.0,MXN,,"Tamaulipas 13 Depto 3, Cuajimalpa, CDMX, C.P. 05000, Col. Cuajimalpa, Cuajimalpa de Morelos, DF / CDMX, México, C.P. 05000, ID: 29907176",,Cuajimalpa de Morelos,,Ciudad De Mexico,México,05000,,,,,,,,,,0,,,null,null,null,null,null,,,,,,2026-04-01T00:58:43
Propiedades.com,30202076,https://propiedades.com/inmuebles/departamento-en-venta-dr-jose-terres-52-depto-401-doctores-cuauhtemoc-ciudad-de-mexico-cdmx-cp-06720-doctores-df-30202076#area=inmuebles-en-venta-en-ciudad-de-mexico&pos=42,venta,departamento,"Se vende departamento en Dr. José Terres 52, Depto 401, Doctores, Cuauhtémoc, Ciudad de México, CDMX, C.p 06720., Col. Doctores, Cuauhtémoc, DF / CDMX, México, C.P. 06720, ID: 30202076",,3077500.0,MXN,,"Se vende departamento en Dr. José Terres 52, Depto 401, Doctores, Cuauhtémoc, Ciudad de México, CDMX, C.p 06720., Col. Doctores, Cuauhtémoc, DF / CDMX, México, C.P. 06720, ID: 30202076",,"Dr. José Terres 52, Depto 401, Doctores, Cuauhtémoc, Ciudad de México, CDMX, C.p 06720., Col. Doctores",,Ciudad De Mexico,México,06720,,,,,,,,,,0,,,null,null,null,null,null,,,,,,2026-04-01T00:58:43
Propiedades.com,30163320,https://propiedades.com/inmuebles/departamento-en-venta-avenida-te-786-dpto-310-granjas-mexico-iztacalco-cdmx-cp-08400-granjas-mexico-df-30163320#area=inmuebles-en-venta-en-ciudad-de-mexico&pos=26,venta,departamento,"Avenida Te 786, Dpto 310, Granjas México, Iztacalco, CDMX, C.P. 08400, Col. Granjas México, Iztacalco, DF / CDMX, México, C.P. 08400, ID: 30163320",,3037000.0,MXN,,"Avenida Te 786, Dpto 310, Granjas México, Iztacalco, CDMX, C.P. 08400, Col. Granjas México, Iztacalco, DF / CDMX, México, C.P. 08400, ID: 30163320",,Iztacalco,,Ciudad De Mexico,México,08400,,,,,,,,,,0,,,null,null,null,null,null,,,,,,2026-04-01T00:58:43
Propiedades.com,30163316,https://propiedades.com/inmuebles/departamento-en-venta-encarnacion-ortiz-1860-depto-4-cosmopolita-azcapotzalco-cdmx-cp-02670-cosmopolita-df-30163316#area=inmuebles-en-venta-en-ciudad-de-mexico&pos=1,venta,departamento,"Se vende departamento en Encarnacion Ortiz 1860 Depto 4, Cosmopolita, Azcapotzalco, CDMX, C.P. 02670, Col. Cosmopolita, Azcapotzalco, DF / CDMX, México, C.P. 02670, ID: 30163316",,3026000.0,MXN,,"Se vende departamento en Encarnacion Ortiz 1860 Depto 4, Cosmopolita, Azcapotzalco, CDMX, C.P. 02670, Col. Cosmopolita, Azcapotzalco, DF / CDMX, México, C.P. 02670, ID: 30163316",,Azcapotzalco,,Ciudad De Mexico,México,02670,,,,,,,,,,0,,,null,null,null,null,null,,,,,,2026-04-01T00:58:43
Propiedades.com,30327543,https://propiedades.com/inmuebles/departamento-en-venta-calle-republica-de-peru-87-int-14-colonia-centro-cuauhtemoc-ciudad-de-mexico-cp-06010-centro-area-2-df-30327543#area=inmuebles-en-venta-en-ciudad-de-mexico&pos=33,venta,departamento,"Venta de departamento en Calle República de Perú 87, Int 14, Colonia Centro, Cuauhtémoc, Ciudad de México, C.P. 06010, Col. Centro (Área 2), Cuauhtémoc, DF / CDMX, México, C.P. 06010, ID: 30327543",,2917000.0,MXN,,"Venta de departamento en Calle República de Perú 87, Int 14, Colonia Centro, Cuauhtémoc, Ciudad de México, C.P. 06010, Col. Centro (Área 2), Cuauhtémoc, DF / CDMX, México, C.P. 06010, ID: 30327543",,Cuauhtémoc,,Ciudad De Mexico,México,06010,,,,,,,,,,0,,,null,null,null,null,null,,,,,,2026-04-01T00:58:43
Propiedades.com,29533164,https://propiedades.com/inmuebles/departamento-en-venta-calzada-santa-cruz-privanza-santa-97-depto-201-torre-1-san-simon-ticumac-benito-juarez-cdmx-cp-san-simon-ticumac-df-29533164#area=inmuebles-en-venta-en-ciudad-de-mexico&pos=19,venta,departamento,"Calzada Santa Cruz Privanza Santa 97, Depto 201 Torre 1, San Simon Ticumac, Benito Juárez, CDMX CP. , Col. San Simón Ticumac, Benito Juárez, DF / CDMX, México, C.P. 03660, ID: 29533164",,2899000.0,MXN,,"Calzada Santa Cruz Privanza Santa 97, Depto 201 Torre 1, San Simon Ticumac, Benito Juárez, CDMX CP. , Col. San Simón Ticumac, Benito Juárez, DF / CDMX, México, C.P. 03660, ID: 29533164",,"Calzada Santa Cruz Privanza Santa 97, Depto 201 Torre 1, San Simon Ticumac, Benito Juárez, CDMX CP. , Col. San Simón Ticumac",,Ciudad De Mexico,México,03660,,,,,,,,,,0,,,null,null,null,null,null,,,,,,2026-04-01T00:58:43
Propiedades.com,30321161,https://propiedades.com/inmuebles/departamento-en-venta-alberto-herrera-75-aragon-la-villa-cdmx-aragon-la-villa-df-30321161#area=inmuebles-en-venta-en-ciudad-de-mexico&pos=22,venta,departamento,"Venta de departamento Alberto Herrera 75, Aragón La Villa, CDMX, Col. Aragón la Villa, Gustavo A. Madero, DF / CDMX, México, C.P. 07000, ID: 30321161",,2780000.0,MXN,,"Venta de departamento Alberto Herrera 75, Aragón La Villa, CDMX, Col. Aragón la Villa, Gustavo A. Madero, DF / CDMX, México, C.P. 07000, ID: 30321161",,"Alberto Herrera 75, Aragón La Villa, CDMX, Col. Aragón la Villa",,Ciudad De Mexico,México,07000,,,,,,,,,,0,,,null,null,null,null,null,,,,,,2026-04-01T00:58:43
Propiedades.com,30198091,https://propiedades.com/inmuebles/departamento-en-venta-calz-ignacio-zaragoza-838-depto-n508-edificio-n-cond-zaragoza-ampliacion-aviacion-civil-venus-ampliacion-aviacion-civil-df-30198091#area=inmuebles-en-venta-en-ciudad-de-mexico&pos=25,venta,departamento,"Venta de departamento Calz. Ignacio Zaragoza 838, Depto N-508 Edificio N, Cond. Zaragoza, Ampliación Aviación Civil, Venus, Col. Ampliación Aviación Civil, Venustiano Carranza, DF / CDMX, México, C.P. 15750, ID: 30198091",,2738000.0,MXN,,"Venta de departamento Calz. Ignacio Zaragoza 838, Depto N-508 Edificio N, Cond. Zaragoza, Ampliación Aviación Civil, Venus, Col. Ampliación Aviación Civil, Venustiano Carranza, DF / CDMX, México, C.P. 15750, ID: 30198091",,"Calz. Ignacio Zaragoza 838, Depto N-508 Edificio N, Cond. Zaragoza, Ampliación Aviación Civil, Venus, Col. Ampliación Aviación Civil",,Ciudad De Mexico,México,15750,,,,,,,,,,0,,,null,null,null,null,null,,,,,,2026-04-01T00:58:43
Propiedades.com,30759687,https://propiedades.com/inmuebles/casa-en-venta-rio-fuerte-real-del-moral-df-30759687#area=inmuebles-en-venta-en-ciudad-de-mexico&pos=46,venta,casa,"Venta casa en Río Fuerte, Col. Real del Moral, Iztapalapa, DF / CDMX, México, C.P. 09010, ID: 30759687",,2662200.0,MXN,,"Venta casa en Río Fuerte, Col. Real del Moral, Iztapalapa, DF / CDMX, México, C.P. 09010, ID: 30759687",,"Río Fuerte, Col. Real del Moral",,Ciudad De Mexico,México,09010,,,,,,,,,,0,,,null,null,null,null,null,,,,,,2026-04-01T00:58:43
Propiedades.com,30680376,https://propiedades.com/inmuebles/departamento-en-venta-avenida-canal-de-san-juan-agricola-oriental-df-30680376#area=inmuebles-en-venta-en-ciudad-de-mexico&pos=43,venta,departamento,"Se vende departamento en Avenida Canal de San Juan , Col. Agrícola Oriental, Iztacalco, DF / CDMX, México, C.P. 08500, ID: 30680376",,2351100.0,MXN,,"Se vende departamento en Avenida Canal de San Juan , Col. Agrícola Oriental, Iztacalco, DF / CDMX, México, C.P. 08500, ID: 30680376",,"Avenida Canal de San Juan , Col. Agrícola Oriental",,Ciudad De Mexico,México,08500,,,,,,,,,,0,,,null,null,null,null,null,,,,,,2026-04-01T00:58:43
Propiedades.com,30287792,https://propiedades.com/inmuebles/departamento-en-venta-avenida-ingeniero-jesus-galindo-y-villa-285-depto-203-torre-d-jardin-balbuena-venustiano-carranza-jardin-balbuena-df-30287792#area=inmuebles-en-venta-en-ciudad-de-mexico&pos=15,venta,departamento,"Departamento en venta, Avenida Ingeniero Jesus Galindo Y Villa 285, Depto 203 Torre D, Jardin Balbuena, Venustiano Carranza, Col. Jardín Balbuena, Venustiano Carranza, DF / CDMX, México, C.P. 15900, ID: 30287792",,2320000.0,MXN,,"Departamento en venta, Avenida Ingeniero Jesus Galindo Y Villa 285, Depto 203 Torre D, Jardin Balbuena, Venustiano Carranza, Col. Jardín Balbuena, Venustiano Carranza, DF / CDMX, México, C.P. 15900, ID: 30287792",,"Avenida Ingeniero Jesus Galindo Y Villa 285, Depto 203 Torre D, Jardin Balbuena, Venustiano Carranza, Col. Jardín Balbuena",,Ciudad De Mexico,México,15900,,,,,,,,,,0,,,null,null,null,null,null,,,,,,2026-04-01T00:58:43
Propiedades.com,29546412,https://propiedades.com/inmuebles/departamento-en-venta-av-granjas-538-dpto-306d-santo-tomas-azcapotzalco-cdmx-cp-02020-santo-tomas-df-29546412#area=inmuebles-en-venta-en-ciudad-de-mexico&pos=5,venta,departamento,"Venta departamento en Av. Granjas 538, Dpto 306D, Santo Tomas, Azcapotzalco, CDMX, C.P. 02020, Col. Santo Tomas, Azcapotzalco, DF / CDMX, México, C.P. 02020, ID: 29546412",,2157000.0,MXN,,"Venta departamento en Av. Granjas 538, Dpto 306D, Santo Tomas, Azcapotzalco, CDMX, C.P. 02020, Col. Santo Tomas, Azcapotzalco, DF / CDMX, México, C.P. 02020, ID: 29546412",,Azcapotzalco,,Ciudad De Mexico,México,02020,,,,,,,,,,0,,,null,null,null,null,null,,,,,,2026-04-01T00:58:43
Propiedades.com,29759728,https://propiedades.com/inmuebles/departamento-en-venta-francisco-landino-50-depto-409-lt-3-miguel-hidalgo-tlahuac-cdmx-cp-13200-miguel-hidalgo-df-29759728#area=inmuebles-en-venta-en-ciudad-de-mexico&pos=29,venta,departamento,"Departamento en venta, Francisco Landino 50 Depto 409 Lt 3, Miguel Hidalgo, Tláhuac, CDMX, C.P. 13200, Col. Miguel Hidalgo, Tláhuac, DF / CDMX, México, C.P. 13200, ID: 29759728",,2013000.0,MXN,,"Departamento en venta, Francisco Landino 50 Depto 409 Lt 3, Miguel Hidalgo, Tláhuac, CDMX, C.P. 13200, Col. Miguel Hidalgo, Tláhuac, DF / CDMX, México, C.P. 13200, ID: 29759728",,Tláhuac,,Ciudad De Mexico,México,13200,,,,,,,,,,0,,,null,null,null,null,null,,,,,,2026-04-01T00:58:43
Propiedades.com,30665847,https://propiedades.com/inmuebles/departamento-en-venta-jose-vasconcelos--santisima-trinidad-df-30665847#area=inmuebles-en-venta-en-ciudad-de-mexico&pos=45,venta,departamento,"Departamento en venta, José Vasconcelos , Col. Santísima Trinidad, Tlalpan, DF / CDMX, México, C.P. 14429, ID: 30665847",,1917420.0,MXN,,"Departamento en venta, José Vasconcelos , Col. Santísima Trinidad, Tlalpan, DF / CDMX, México, C.P. 14429, ID: 30665847",,"José Vasconcelos , Col. Santísima Trinidad",,Ciudad De Mexico,México,14429,,,,,,,,,,0,,,null,null,null,null,null,,,,,,2026-04-01T00:58:43
Propiedades.com,29739107,https://propiedades.com/inmuebles/departamento-en-venta-av-centenario-283-edifh4-depto24-lomas-de-plateros-01480-alvaro-obregon-cdmx-lomas-de-plateros-df-29739107#area=inmuebles-en-venta-en-ciudad-de-mexico&pos=9,venta,departamento,"Se vende departamento en Av Centenario #283, Edif-H4 Depto-24, Lomas de Plateros, 01480, Álvaro Obregón, CDMX, Col. Lomas de Plateros, Álvaro Obregón, DF / CDMX, México, C.P. 01480, ID: 29739107",,1884000.0,MXN,,"Se vende departamento en Av Centenario #283, Edif-H4 Depto-24, Lomas de Plateros, 01480, Álvaro Obregón, CDMX, Col. Lomas de Plateros, Álvaro Obregón, DF / CDMX, México, C.P. 01480, ID: 29739107",,"Av Centenario #283, Edif-H4 Depto-24, Lomas de Plateros, 01480, Álvaro Obregón, CDMX, Col. Lomas de Plateros",,Ciudad De Mexico,México,01480,,,,,,,,,,0,,,null,null,null,null,null,,,,,,2026-04-01T00:58:43
Propiedades.com,29734183,https://propiedades.com/inmuebles/departamento-en-venta-el-departamento-numero-cuatrocientos-ocho-bodega-numero-419-edificio-a-del-condominio-denominado-agricola-oriental-df-29734183#area=inmuebles-en-venta-en-ciudad-de-mexico&pos=28,venta,departamento,"Departamento disponible en venta en EL DEPARTAMENTO NUMERO CUATROCIENTOS OCHO, BODEGA NUMERO 4-19 EDIFICIO “A” DEL CONDOMINIO DENOMINADO, Col. Agrícola Oriental, Iztacalco, DF / CDMX, México, C.P. 08500, ID: 29734183",,1831000.0,MXN,,"Departamento disponible en venta en EL DEPARTAMENTO NUMERO CUATROCIENTOS OCHO, BODEGA NUMERO 4-19 EDIFICIO “A” DEL CONDOMINIO DENOMINADO, Col. Agrícola Oriental, Iztacalco, DF / CDMX, México, C.P. 08500, ID: 29734183",,"EL DEPARTAMENTO NUMERO CUATROCIENTOS OCHO, BODEGA NUMERO 4-19 EDIFICIO “A” DEL CONDOMINIO DENOMINADO, Col. Agrícola Oriental",,Ciudad De Mexico,México,08500,,,,,,,,,,0,,,null,null,null,null,null,,,,,,2026-04-01T00:58:43
Propiedades.com,29685866,https://propiedades.com/inmuebles/departamento-en-venta-aluminio-161-d302-real-del-catorce-popular-rastro-ciudad-de-mexico-cd-de-mexico-cp-15220-popular-rastro-df-29685866#area=inmuebles-en-venta-en-ciudad-de-mexico&pos=27,venta,departamento,"Departamento en venta disponible en Aluminio 161, D302, Real del Catorce, Popular Rastro, Ciudad de México, Cd. de México C.P. 15220, Col. Popular Rastro, Venustiano Carranza, DF / CDMX, México, C.P. 15220, ID: 29685866",,1797400.0,MXN,,"Departamento en venta disponible en Aluminio 161, D302, Real del Catorce, Popular Rastro, Ciudad de México, Cd. de México C.P. 15220, Col. Popular Rastro, Venustiano Carranza, DF / CDMX, México, C.P. 15220, ID: 29685866",,Venustiano Carranza,,Ciudad De Mexico,México,15220,,,,,,,,,,0,,,null,null,null,null,null,,,,,,2026-04-01T00:58:43
Propiedades.com,29686144,https://propiedades.com/inmuebles/departamento-en-venta-calle-2-201-edif-j-dep-102-agricola-pantitlan-iztacalco-ciudad-de-mexico-cdmx-cp-08100-agricola-pantitlan-df-29686144#area=inmuebles-en-venta-en-ciudad-de-mexico&pos=39,venta,departamento,"Venta de departamento Calle 2 201, Edif J, Dep 102, Agrícola Pantitlán, Iztacalco,  Ciudad de México, CDMX, C.p 08100., Col. Agrícola Pantitlan, Iztacalco, DF / CDMX, México, C.P. 08100, ID: 29686144",,1780000.0,MXN,,"Venta de departamento Calle 2 201, Edif J, Dep 102, Agrícola Pantitlán, Iztacalco,  Ciudad de México, CDMX, C.p 08100., Col. Agrícola Pantitlan, Iztacalco, DF / CDMX, México, C.P. 08100, ID: 29686144",,"Calle 2 201, Edif J, Dep 102, Agrícola Pantitlán, Iztacalco,  Ciudad de México, CDMX, C.p 08100., Col. Agrícola Pantitlan",,Ciudad De Mexico,México,08100,,,,,,,,,,0,,,null,null,null,null,null,,,,,,2026-04-01T00:58:43
Propiedades.com,30804718,https://propiedades.com/inmuebles/departamento-en-venta-jose-joaquin-herrera-21-b302-col-martin-carrera-gam-cdmx-cp-martin-carrera-df-30804718#area=inmuebles-en-venta-en-ciudad-de-mexico&pos=44,venta,departamento,"Departamento en venta, JOSE JOAQUIN HERRERA 21 B-302, COL. MARTIN CARRERA, GAM, CDMX, CP , Col. Martín Carrera, Gustavo A. Madero, DF / CDMX, México, C.P. 07070, ID: 30804718",,1744200.0,MXN,,"Departamento en venta, JOSE JOAQUIN HERRERA 21 B-302, COL. MARTIN CARRERA, GAM, CDMX, CP , Col. Martín Carrera, Gustavo A. Madero, DF / CDMX, México, C.P. 07070, ID: 30804718",,"JOSE JOAQUIN HERRERA 21 B-302, COL. MARTIN CARRERA, GAM, CDMX, CP , Col. Martín Carrera",,Ciudad De Mexico,México,07070,,,,,,,,,,0,,,null,null,null,null,null,,,,,,2026-04-01T00:58:43
Propiedades.com,29926880,https://propiedades.com/inmuebles/departamento-en-venta-c-gavilan-181-edif-4e-dep-402-gavilan-san-miguel-iztapalapa-ciudad-de-mexico-cdmx-cp-0936-san-miguel-df-29926880#area=inmuebles-en-venta-en-ciudad-de-mexico&pos=35,venta,departamento,"Departamento en venta, C. Gavilán 181, Edif 4-E, Dep 402, Gavilán, San Miguel, Iztapalapa, Ciudad de México, CDMX, C.p 0936, Col. San Miguel, Iztapalapa, DF / CDMX, México, C.P. 09360, ID: 29926880",,1595000.0,MXN,,"Departamento en venta, C. Gavilán 181, Edif 4-E, Dep 402, Gavilán, San Miguel, Iztapalapa, Ciudad de México, CDMX, C.p 0936, Col. San Miguel, Iztapalapa, DF / CDMX, México, C.P. 09360, ID: 29926880",,"C. Gavilán 181, Edif 4-E, Dep 402, Gavilán, San Miguel, Iztapalapa, Ciudad de México, CDMX, C.p 0936, Col. San Miguel",,Ciudad De Mexico,México,09360,,,,,,,,,,0,,,null,null,null,null,null,,,,,,2026-04-01T00:58:43
Propiedades.com,29685863,https://propiedades.com/inmuebles/departamento-en-venta-campo-sarlat-80-san-bartolo-cahualtongo-azcapotzalco-02720-ciudad-de-mexico-cdmx-san-bartolo-cahualtongo-df-29685863#area=inmuebles-en-venta-en-ciudad-de-mexico&pos=7,venta,departamento,"Se vende departamento Campo Sarlat 80, San Bartolo Cahualtongo, Azcapotzalco, 02720 Ciudad de México, CDMX, Col. San Bartolo Cahualtongo, Azcapotzalco, DF / CDMX, México, C.P. 02720, ID: 29685863",,1545000.0,MXN,,"Se vende departamento Campo Sarlat 80, San Bartolo Cahualtongo, Azcapotzalco, 02720 Ciudad de México, CDMX, Col. San Bartolo Cahualtongo, Azcapotzalco, DF / CDMX, México, C.P. 02720, ID: 29685863",,"Campo Sarlat 80, San Bartolo Cahualtongo, Azcapotzalco, 02720 Ciudad de México, CDMX, Col. San Bartolo Cahualtongo",,Ciudad De Mexico,México,02720,,,,,,,,,,0,,,null,null,null,null,null,,,,,,2026-04-01T00:58:43
Propiedades.com,29686340,https://propiedades.com/inmuebles/departamento-en-venta-calz-vallejo-1268-torre-5-depto-204-santa-rosa-gustavo-a-madero-cdmx-cp-07620-santa-rosa-df-29686340#area=inmuebles-en-venta-en-ciudad-de-mexico&pos=20,venta,departamento,"Calz Vallejo 1268 Torre 5 Depto 204, Santa Rosa, Gustavo A Madero, CDMX, C.P. 07620, Col. Santa Rosa, Gustavo A. Madero, DF / CDMX, México, C.P. 07620, ID: 29686340",,1514000.0,MXN,,"Calz Vallejo 1268 Torre 5 Depto 204, Santa Rosa, Gustavo A Madero, CDMX, C.P. 07620, Col. Santa Rosa, Gustavo A. Madero, DF / CDMX, México, C.P. 07620, ID: 29686340",,Gustavo A. Madero,,Ciudad De Mexico,México,07620,,,,,,,,,,0,,,null,null,null,null,null,,,,,,2026-04-01T00:58:43
Propiedades.com,29915588,https://propiedades.com/inmuebles/departamento-en-venta-cdalago-erne-30-edif-w2-dep-2-reforma-pensil-miguel-hidalgo-ciudad-de-mexico-cdmx-cp-11440-reforma-pensil-df-29915588#area=inmuebles-en-venta-en-ciudad-de-mexico&pos=11,venta,departamento,"Departamento disponible en venta en Cda.lago Erne 30, Edif W2, Dep 2, Reforma Pensil, Miguel Hidalgo, Ciudad de México, CDMX, C.p 11440., Col. Reforma Pensil, Miguel Hidalgo, DF / CDMX, México, C.P. 11440, ID: 29915588",,1413000.0,MXN,,"Departamento disponible en venta en Cda.lago Erne 30, Edif W2, Dep 2, Reforma Pensil, Miguel Hidalgo, Ciudad de México, CDMX, C.p 11440., Col. Reforma Pensil, Miguel Hidalgo, DF / CDMX, México, C.P. 11440, ID: 29915588",,"Cda.lago Erne 30, Edif W2, Dep 2, Reforma Pensil, Miguel Hidalgo, Ciudad de México, CDMX, C.p 11440., Col. Reforma Pensil",,Ciudad De Mexico,México,11440,,,,,,,,,,0,,,null,null,null,null,null,,,,,,2026-04-01T00:58:43
Propiedades.com,30154054,https://propiedades.com/inmuebles/departamento-en-venta-av-san-lorenzo-151-torre-11-int-301-san-nicolas-tolentino-iztapalapa-ciudad-de-mexico-cp-098-cerro-de-la-estrella-df-30154054#area=inmuebles-en-venta-en-ciudad-de-mexico&pos=14,venta,departamento,"Se vende departamento en Av. San Lorenzo 151, Torre 11 Int 301, San Nicolás Tolentino, Iztapalapa, Ciudad de México, C.P. 098, Col. Cerro de La Estrella, Iztapalapa, DF / CDMX, México, C.P. 09860, ID: 30154054",,1412000.0,MXN,,"Se vende departamento en Av. San Lorenzo 151, Torre 11 Int 301, San Nicolás Tolentino, Iztapalapa, Ciudad de México, C.P. 098, Col. Cerro de La Estrella, Iztapalapa, DF / CDMX, México, C.P. 09860, ID: 30154054",,"Av. San Lorenzo 151, Torre 11 Int 301, San Nicolás Tolentino, Iztapalapa, Ciudad de México, C.P. 098, Col. Cerro de La Estrella",,Ciudad De Mexico,México,09860,,,,,,,,,,0,,,null,null,null,null,null,,,,,,2026-04-01T00:58:43
Propiedades.com,30660348,https://propiedades.com/inmuebles/departamento-en-venta-avenida-de-las-rocas--citlalli-df-30660348#area=inmuebles-en-venta-en-ciudad-de-mexico&pos=47,venta,departamento,"avenida de las rocas , Col. Citlalli, Iztapalapa, DF / CDMX, México, C.P. 09660, ID: 30660348",,1305600.0,MXN,,"avenida de las rocas , Col. Citlalli, Iztapalapa, DF / CDMX, México, C.P. 09660, ID: 30660348",,"avenida de las rocas , Col. Citlalli",,Ciudad De Mexico,México,09660,,,,,,,,,,0,,,null,null,null,null,null,,,,,,2026-04-01T00:58:43
Propiedades.com,30435930,https://propiedades.com/inmuebles/departamento-en-venta-plutarco-e-calles-166-edifk2-depto401-progresista-09240-iztapalapa-cdmx-progresista-df-30435930#area=inmuebles-en-venta-en-ciudad-de-mexico&pos=17,venta,departamento,"Plutarco E. Calles #166 Edif-K2 Depto-401, Progresista, 09240, Iztapalapa, CDMX, Col. Progresista, Iztapalapa, DF / CDMX, México, C.P. 09240, ID: 30435930",,1270001.0,MXN,,"Plutarco E. Calles #166 Edif-K2 Depto-401, Progresista, 09240, Iztapalapa, CDMX, Col. Progresista, Iztapalapa, DF / CDMX, México, C.P. 09240, ID: 30435930",,"Plutarco E. Calles #166 Edif-K2 Depto-401, Progresista, 09240, Iztapalapa, CDMX, Col. Progresista",,Ciudad De Mexico,México,09240,,,,,,,,,,0,,,null,null,null,null,null,,,,,,2026-04-01T00:58:43
Propiedades.com,29701122,https://propiedades.com/inmuebles/departamento-en-venta-degollado-7-guerrero-cuahtemoc-06300-ciudad-de-mexico-guerrero-df-29701122#area=inmuebles-en-venta-en-ciudad-de-mexico&pos=13,venta,departamento,"Se vende departamento en Degollado 7, Guerrero, Cuahtemoc, 06300, Ciudad de México, Col. Guerrero, Cuauhtémoc, DF / CDMX, México, C.P. 06300, ID: 29701122",,1268000.0,MXN,,"Se vende departamento en Degollado 7, Guerrero, Cuahtemoc, 06300, Ciudad de México, Col. Guerrero, Cuauhtémoc, DF / CDMX, México, C.P. 06300, ID: 29701122",,"Degollado 7, Guerrero, Cuahtemoc, 06300, Ciudad de México, Col. Guerrero",,Ciudad De Mexico,México,06300,,,,,,,,,,0,,,null,null,null,null,null,,,,,,2026-04-01T00:58:43
Propiedades.com,29813711,https://propiedades.com/inmuebles/departamento-en-venta-francisco-tamagno-204-dep-301-edif-b-vallejo-gustavo-a-madero-ciudad-de-mexico-cdmx-cp-078-vallejo-df-29813711#area=inmuebles-en-venta-en-ciudad-de-mexico&pos=8,venta,departamento,"Francisco Tamagno 204, Dep 301, Edif B, Vallejo, Gustavo A. Madero,  Ciudad de México, CDMX. C.p 078, Col. Vallejo, Gustavo A. Madero, DF / CDMX, México, C.P. 07870, ID: 29813711",,1122000.0,MXN,,"Francisco Tamagno 204, Dep 301, Edif B, Vallejo, Gustavo A. Madero,  Ciudad de México, CDMX. C.p 078, Col. Vallejo, Gustavo A. Madero, DF / CDMX, México, C.P. 07870, ID: 29813711",,"Francisco Tamagno 204, Dep 301, Edif B, Vallejo, Gustavo A. Madero,  Ciudad de México, CDMX. C.p 078, Col. Vallejo",,Ciudad De Mexico,México,07870,,,,,,,,,,0,,,null,null,null,null,null,,,,,,2026-04-01T00:58:43
Propiedades.com,29532403,https://propiedades.com/inmuebles/departamento-en-venta-anastacio-bustamante-156-cond-e-edif-3-depto-402-uh-presidentes-ii-presidentes-de-mexico-izt-presidentes-de-mexico-df-29532403#area=inmuebles-en-venta-en-ciudad-de-mexico&pos=41,venta,departamento,"Venta de departamento Anastacio Bustamante 156, Cond E, Edif 3, Depto. 402, U.H Presidentes II, Presidentes de México, Izt, Col. Presidentes de México, Iztapalapa, DF / CDMX, México, C.P. 09740, ID: 29532403",,1099000.0,MXN,,"Venta de departamento Anastacio Bustamante 156, Cond E, Edif 3, Depto. 402, U.H Presidentes II, Presidentes de México, Izt, Col. Presidentes de México, Iztapalapa, DF / CDMX, México, C.P. 09740, ID: 29532403",,"Anastacio Bustamante 156, Cond E, Edif 3, Depto. 402, U.H Presidentes II, Presidentes de México, Izt, Col. Presidentes de México",,Ciudad De Mexico,México,09740,,,,,,,,,,0,,,null,null,null,null,null,,,,,,2026-04-01T00:58:43
Propiedades.com,29685629,https://propiedades.com/inmuebles/departamento-en-venta-berenjena-8-40-depto-403-edif-1-cond-c-lomas-el-manto-iztapalapa-cdmx-cp-09830-lomas-el-manto-df-29685629#area=inmuebles-en-venta-en-ciudad-de-mexico&pos=36,venta,departamento,"Departamento en venta disponible en Berenjena 8 (40), Depto 403, Edif 1, Cond. ""C"", Lomas el Manto, Iztapalapa, CDMX, C.p 09830., Col. Lomas El Manto, Iztapalapa, DF / CDMX, México, C.P. 09830, ID: 29685629",,1030000.0,MXN,,"Departamento en venta disponible en Berenjena 8 (40), Depto 403, Edif 1, Cond. ""C"", Lomas el Manto, Iztapalapa, CDMX, C.p 09830., Col. Lomas El Manto, Iztapalapa, DF / CDMX, México, C.P. 09830, ID: 29685629",,"Berenjena 8 (40), Depto 403, Edif 1, Cond. ""C"", Lomas el Manto, Iztapalapa, CDMX, C.p 09830., Col. Lomas El Manto",,Ciudad De Mexico,México,09830,,,,,,,,,,0,,,null,null,null,null,null,,,,,,2026-04-01T00:58:43
Propiedades.com,30110988,https://propiedades.com/inmuebles/departamento-en-venta-c-sta-cruz-393-depto-402-edif-b3-las-arboledas-tlahuac-ciudad-de-mexico-cdmx-cp-13219-las-arboledas-df-30110988#area=inmuebles-en-venta-en-ciudad-de-mexico&pos=32,venta,departamento,"Departamento disponible en venta en C. Sta. Cruz 393, Depto 402, Edif B-3, Las Arboledas, Tláhuac, Ciudad de México, CDMX, C.p 13219., Col. Las Arboledas, Tláhuac, DF / CDMX, México, C.P. 13219, ID: 30110988",,998000.0,MXN,,"Departamento disponible en venta en C. Sta. Cruz 393, Depto 402, Edif B-3, Las Arboledas, Tláhuac, Ciudad de México, CDMX, C.p 13219., Col. Las Arboledas, Tláhuac, DF / CDMX, México, C.P. 13219, ID: 30110988",,"C. Sta. Cruz 393, Depto 402, Edif B-3, Las Arboledas, Tláhuac, Ciudad de México, CDMX, C.p 13219., Col. Las Arboledas",,Ciudad De Mexico,México,13219,,,,,,,,,,0,,,null,null,null,null,null,,,,,,2026-04-01T00:58:43
Propiedades.com,30327544,https://propiedades.com/inmuebles/departamento-en-venta-benito-miranda-77-edificio-b1-503-santa-ana-poniente-las-penas-iztapalapa-ciudad-de-mexico-cdm-las-penas-df-30327544#area=inmuebles-en-venta-en-ciudad-de-mexico&pos=16,venta,departamento,"Departamento en venta disponible en Benito Miranda 77 EDIFICIO B1, 503, Santa Ana Poniente, Las Peñas, Iztapalapa, Ciudad de México, CDM, Col. Las Peñas, Iztapalapa, DF / CDMX, México, C.P. 09750, ID: 30327544",,989000.0,MXN,,"Departamento en venta disponible en Benito Miranda 77 EDIFICIO B1, 503, Santa Ana Poniente, Las Peñas, Iztapalapa, Ciudad de México, CDM, Col. Las Peñas, Iztapalapa, DF / CDMX, México, C.P. 09750, ID: 30327544",,"Benito Miranda 77 EDIFICIO B1, 503, Santa Ana Poniente, Las Peñas, Iztapalapa, Ciudad de México, CDM, Col. Las Peñas",,Ciudad De Mexico,México,09750,,,,,,,,,,0,,,null,null,null,null,null,,,,,,2026-04-01T00:58:43
